INSERT INTO korisnik (idkorisnik, korisnickoime, email, sifra, uloga, epredlog) VALUES (25, 'Platon', 'veljkolazic117@gmail.com', '123', '1', 1);
INSERT INTO korisnik (idkorisnik, korisnickoime, email, sifra, uloga, epredlog) VALUES (54, 'MAT', 'matejacraft@gmail.com', '123', '0', 1);
INSERT INTO korisnik (idkorisnik, korisnickoime, email, sifra, uloga, epredlog) VALUES (56, 'marko', 'marko.mirkovic10@gmail.com', 'marko', '0', 1);
INSERT INTO korisnik (idkorisnik, korisnickoime, email, sifra, uloga, epredlog) VALUES (57, 'lazic_mazic117', 'veljkolazic2000@live.com', '123', '0', 0);
INSERT INTO korisnik (idkorisnik, korisnickoime, email, sifra, uloga, epredlog) VALUES (58, 'veljkobobic', 'veljkolazic2000@gmail.com', '123', '0', 0);

INSERT INTO tip_smestaja (idtip_smestaja, ime_tipa) VALUES (1, 'Stan');
INSERT INTO tip_smestaja (idtip_smestaja, ime_tipa) VALUES (2, 'Kuca');


INSERT INTO smestaj (idsmestaj, org_putanja, broj_lajkova, lokacija, broj_soba, spratonost, ima_lift, idtip_smestaja, kvadratura, cena, postoji, broj_sajta, slika) VALUES (337, 'https://www.4zida.rs/izdavanje/stanovi/beograd/oglas/diljska/6294932dca113a0e3002d365', 1, 'Karaburma, Palilula opština, Beograd', 2, -1, 0, 2, 45, 220, 1, 2, 'https://resizer.4zida.rs/i7BaGIPLnmVDYKHuMn4MzXnMSbNth8YwIcXr7JuQLQE/fill/380/0/ce/0/bG9jYWw6Ly8vNjI5NDkzMmRjYTExM2EwZTMwMDJkMzY1L2ZiY2Q3NzY3MTM.jpeg');
INSERT INTO smestaj (idsmestaj, org_putanja, broj_lajkova, lokacija, broj_soba, spratonost, ima_lift, idtip_smestaja, kvadratura, cena, postoji, broj_sajta, slika) VALUES (338, 'https://www.4zida.rs/izdavanje/stanovi/beograd/oglas/tadije-sondermajera/625685212ee96d27dc109d85', 2, 'Blok 65, Novi Beograd, Beograd', 2, -1, 1, 2, 74, 1700, 1, 2, 'https://resizer.4zida.rs/C6izAnNiTNSVm8Y45Wd2nfWvlEe86zTj-xdgCGnS3HY/fill/380/0/ce/0/bG9jYWw6Ly8vNjI1Njg1MjEyZWU5NmQyN2RjMTA5ZDg1L2ZlYTBlZDEzMTM.jpeg');
INSERT INTO smestaj (idsmestaj, org_putanja, broj_lajkova, lokacija, broj_soba, spratonost, ima_lift, idtip_smestaja, kvadratura, cena, postoji, broj_sajta, slika) VALUES (339, 'https://www.4zida.rs/izdavanje/stanovi/beograd/oglas/hercegovacka/6287b55f52faf5b87c0c5aa7', 3, 'Beograd na vodi, Savski Venac, Beograd', 3, -1, 1, 2, 82, 1700, 1, 2, 'https://resizer.4zida.rs/63QfrkJi7nmWoC6LsytkWgkIHwMSddJFFpp8GU50IuE/fill/380/0/ce/0/bG9jYWw6Ly8vNjI4N2I1NWY1MmZhZjViODdjMGM1YWE3Lzk3NWJjNDk5OTY.jpeg');
INSERT INTO smestaj (idsmestaj, org_putanja, broj_lajkova, lokacija, broj_soba, spratonost, ima_lift, idtip_smestaja, kvadratura, cena, postoji, broj_sajta, slika) VALUES (340, 'https://www.4zida.rs/izdavanje/stanovi/beograd/oglas/bulevar-arsenija-carnojevica/628ba5f13c491a9aa5013b16', 2, 'Blok 25 - Arena, Novi Beograd, Beograd', 3, -1, 1, 2, 96, 1200, 1, 2, 'https://resizer.4zida.rs/0dQ7QvMWmQld0yVYkchIWEaknDK1QVnmzPhf6kfH3SQ/fill/380/0/ce/0/bG9jYWw6Ly8vNjI4YmE1ZjEzYzQ5MWE5YWE1MDEzYjE2L2QxMzg4ZWM4Y2M.jpeg');
INSERT INTO smestaj (idsmestaj, org_putanja, broj_lajkova, lokacija, broj_soba, spratonost, ima_lift, idtip_smestaja, kvadratura, cena, postoji, broj_sajta, slika) VALUES (341, 'https://www.4zida.rs/izdavanje/stanovi/beograd/oglas/venizelosova/629523a07890387f2b0041f3', 0, 'Gundulićev Venac, Donji Dorćol, Dorćol, Stari Grad opština, Beograd', 4, -1, 1, 2, 123, 2500, 1, 2, 'https://resizer.4zida.rs/-2kWXUJg5B7BdzYfm1IlyCGQOI-O_OEIwOcNU0kQ-xQ/fill/380/0/ce/0/bG9jYWw6Ly8vNjI5NTIzYTA3ODkwMzg3ZjJiMDA0MWYzL2M4ZDQ2OWUyNGY.jpeg');
INSERT INTO smestaj (idsmestaj, org_putanja, broj_lajkova, lokacija, broj_soba, spratonost, ima_lift, idtip_smestaja, kvadratura, cena, postoji, broj_sajta, slika) VALUES (342, 'https://www.4zida.rs/izdavanje/stanovi/beograd/oglas/klare-cetkin/62681fe4a9095362090c9ef6', 0, 'Blok 11c - Stari Merkator, Blok 11, Novi Beograd, Beograd', 2.5, -1, 1, 2, 63, 650, 1, 2, 'https://resizer.4zida.rs/U0gyx7oEIsMBrF2gYU1pzXuKRKfR_C06CG4vi9z3fsI/fill/380/0/ce/0/bG9jYWw6Ly8vNjI2ODFmZTRhOTA5NTM2MjA5MGM5ZWY2Lzc1ZmMwOTNjMGVlNzQyZjZkZGRhYTEzZmZmOThmMTA0.jpeg');
INSERT INTO smestaj (idsmestaj, org_putanja, broj_lajkova, lokacija, broj_soba, spratonost, ima_lift, idtip_smestaja, kvadratura, cena, postoji, broj_sajta, slika) VALUES (343, 'https://www.4zida.rs/izdavanje/stanovi/beograd/oglas/omladinskih-brigada/6287c3c111a8c177e9227fc1', 1, 'Blok 65, Novi Beograd, Beograd', 2, -1, 1, 2, 60, 1600, 1, 2, 'https://resizer.4zida.rs/hBWHWXluZjWnGiUPDq9VUJBueCSJDmi6rk64pA2kM34/fill/380/0/ce/0/bG9jYWw6Ly8vNjI4N2MzYzExMWE4YzE3N2U5MjI3ZmMxLzk3Nzg1ZTA1MDBhZDE2YzE4NTc0YzY0MTg5Y2NmNGI0.jpeg');
INSERT INTO smestaj (idsmestaj, org_putanja, broj_lajkova, lokacija, broj_soba, spratonost, ima_lift, idtip_smestaja, kvadratura, cena, postoji, broj_sajta, slika) VALUES (344, 'https://www.4zida.rs/izdavanje/kuce/beograd/oglas/vajara-djoke-jovanovica/628fa3af6a168a088c72f603', 1, 'Dedinje, Savski Venac, Beograd', 7, -1, 0, 2, 400, 4000, 0, 2, 'https://resizer.4zida.rs/ICUOiInWMewsSVhgVro47qHDCs_sKvQLKpRx8eIiXtM/fill/380/0/ce/0/bG9jYWw6Ly8vNjI4ZmEzYWY2YTE2OGEwODhjNzJmNjAzL2IzOTY3YTBlOTM4ZGMyYTYzNDBlMjU4NjMwZmViZDVh.jpeg');
INSERT INTO smestaj (idsmestaj, org_putanja, broj_lajkova, lokacija, broj_soba, spratonost, ima_lift, idtip_smestaja, kvadratura, cena, postoji, broj_sajta, slika) VALUES (345, 'https://www.4zida.rs/izdavanje/kuce/beograd/oglas/blok-45/628f6a5e95897f36ac382d58', 1, 'Blok 45, Novi Beograd, Beograd', 3, -1, 0, 2, 108, 900, 0, 2, 'https://resizer.4zida.rs/E8fP_df3oPuQtceNsliZLa-zGwlcVtC27_GtsZiM5OY/fill/380/0/ce/0/bG9jYWw6Ly8vNjI4ZjZhNWU5NTg5N2YzNmFjMzgyZDU4LzllZDI3NTU0Yzg5M2I1YmFkODUwYTQyMmMzNTM4YzE1.jpeg');
INSERT INTO smestaj (idsmestaj, org_putanja, broj_lajkova, lokacija, broj_soba, spratonost, ima_lift, idtip_smestaja, kvadratura, cena, postoji, broj_sajta, slika) VALUES (346, 'https://www.4zida.rs/izdavanje/kuce/beograd/oglas/pozeska/6070a03b71fb931d09391a08', 0, 'Banovo Brdo, Čukarica, Čukarica opština, Beograd', 10, -1, 0, 2, 61, 990, 0, 2, 'https://resizer.4zida.rs/9xwdRUdpQJnbDqk-b6wiqPM9R0sTzrSn7nbt6A9HoTY/fill/380/0/ce/0/bG9jYWw6Ly8vNjA3MGEwM2I3MWZiOTMxZDA5MzkxYTA4Lzg5NGI3N2Y4MDViZDk0ZDI5MjU3NGMzOGM1ZDYyOGQ1.jpeg');
INSERT INTO smestaj (idsmestaj, org_putanja, broj_lajkova, lokacija, broj_soba, spratonost, ima_lift, idtip_smestaja, kvadratura, cena, postoji, broj_sajta, slika) VALUES (347, 'https://www.4zida.rs/izdavanje/kuce/beograd/oglas/tekeriska/628f241917f3cecaf60abc85', 1, 'Kumodraž 2, Kumodraž, Voždovac opština, Beograd', 1, -1, 0, 2, 30, 180, 0, 2, 'https://resizer.4zida.rs/XEOBiX6PxpCkBj8-YSY2mmaEDki02YSmSuMGRsH9AXE/fill/380/0/ce/0/bG9jYWw6Ly8vNjI4ZjI0MTkxN2YzY2VjYWY2MGFiYzg1LzU5OWY1YzJlZTA.jpeg');
INSERT INTO smestaj (idsmestaj, org_putanja, broj_lajkova, lokacija, broj_soba, spratonost, ima_lift, idtip_smestaja, kvadratura, cena, postoji, broj_sajta, slika) VALUES (348, 'https://www.4zida.rs/izdavanje/kuce/beograd/oglas/rozajska/628d509430b3da58276cae93', 0, 'Senjak, Savski Venac, Beograd', 4, -1, 0, 2, 230, 3500, 0, 2, 'https://resizer.4zida.rs/VL6JWT0JdTA7GP7E086LhKtdJZXs23Pg5jJvhSJ5QB4/fill/380/0/ce/0/bG9jYWw6Ly8vNjI4ZDUwOTQzMGIzZGE1ODI3NmNhZTkzL2I5Zjk0Yzc3NjUyYzlhNzZmYzhhNDQyNzQ4Y2Q1NGJk.jpeg');
INSERT INTO smestaj (idsmestaj, org_putanja, broj_lajkova, lokacija, broj_soba, spratonost, ima_lift, idtip_smestaja, kvadratura, cena, postoji, broj_sajta, slika) VALUES (349, 'https://www.4zida.rs/izdavanje/kuce/beograd/oglas/kumodraska/628cf9282481d45ab5240253', 0, 'Dušanovac, Voždovac opština, Beograd', -1, -1, 0, 2, 237, 1000, 0, 2, 'https://resizer.4zida.rs/njRY8xbLR6Tztmon3huFwuE6riqGeYDLBqNudnIDNpU/fill/380/0/ce/0/bG9jYWw6Ly8vNjI4Y2Y5MjgyNDgxZDQ1YWI1MjQwMjUzLzk4MDBhYTZkZDYzNDI2ZTUxNTViNzZiMTg0NTEwZjQ2.jpeg');
INSERT INTO smestaj (idsmestaj, org_putanja, broj_lajkova, lokacija, broj_soba, spratonost, ima_lift, idtip_smestaja, kvadratura, cena, postoji, broj_sajta, slika) VALUES (350, 'https://www.4zida.rs/izdavanje/kuce/beograd/oglas/bacvanska/628ba64ec227a11c2c17813a', 0, 'Voždovac, Voždovac opština, Beograd', -1, -1, 0, 2, 160, 360, 0, 2, 'https://resizer.4zida.rs/8RmzuRcNlsSZafpJaNQb3Gg3-Zbm9Qj3a801awxuGmk/fill/380/0/ce/0/bG9jYWw6Ly8vNjI4YmE2NGVjMjI3YTExYzJjMTc4MTNhL2NhYjA3MGQ1M2JkMGQyMDA3NDZmYjg1MmE5MjIwNjRh.jpeg');
INSERT INTO smestaj (idsmestaj, org_putanja, broj_lajkova, lokacija, broj_soba, spratonost, ima_lift, idtip_smestaja, kvadratura, cena, postoji, broj_sajta, slika) VALUES (351, 'https://www.4zida.rs/izdavanje/kuce/beograd/oglas/krunska/628b8d1832a9672b1c0acba6', 0, 'Vračar, Beograd', 6, -1, 0, 2, 120, 2000, 0, 2, 'https://resizer.4zida.rs/_YNNdOgVhR8YeTIV5oQ8rNvgpdLh3-9uZXiJPT4G-aU/fill/380/0/ce/0/bG9jYWw6Ly8vNjI4YjhkMTgzMmE5NjcyYjFjMGFjYmE2LzAzZTA3MDRiNTY5MGEyZGVlMTg2MWRjM2FkMzMxNmM5.jpeg');
INSERT INTO smestaj (idsmestaj, org_putanja, broj_lajkova, lokacija, broj_soba, spratonost, ima_lift, idtip_smestaja, kvadratura, cena, postoji, broj_sajta, slika) VALUES (352, 'https://www.4zida.rs/izdavanje/kuce/beograd/oglas/jelovac/628b5bb88acf9761db6c3a78', 0, 'Jelovac, Zemun, Zemun opština, Beograd', 6, -1, 0, 2, 151, 2000, 0, 2, 'https://resizer.4zida.rs/4xCnDUDiRa7-gjXdx1g-NB_Lmh9n6dW08K6OXUCj3II/fill/380/0/ce/0/bG9jYWw6Ly8vNjI4YjViYjg4YWNmOTc2MWRiNmMzYTc4LzU2NTE3ZjE5YWEyODk4ODVjNDNlOGRiOTEzN2ZiMWIw.jpeg');
INSERT INTO smestaj (idsmestaj, org_putanja, broj_lajkova, lokacija, broj_soba, spratonost, ima_lift, idtip_smestaja, kvadratura, cena, postoji, broj_sajta, slika) VALUES (353, 'https://www.4zida.rs/izdavanje/kuce/beograd/oglas/zupana-vlastimira/628b57867fe058518402ad46', 0, 'Dedinje, Savski Venac, Beograd', 7, -1, 0, 2, 260, 4200, 0, 2, 'https://resizer.4zida.rs/6AUZ-hsAhWEp8HJiXmQ-nZbuVOGRDkQ-BNgqTFTFI0o/fill/380/0/ce/0/bG9jYWw6Ly8vNjI4YjU3ODY3ZmUwNTg1MTg0MDJhZDQ2L2JlNjI0NzVhMzQ.jpeg');
INSERT INTO smestaj (idsmestaj, org_putanja, broj_lajkova, lokacija, broj_soba, spratonost, ima_lift, idtip_smestaja, kvadratura, cena, postoji, broj_sajta, slika) VALUES (354, 'https://www.4zida.rs/izdavanje/kuce/beograd/oglas/senjak/605bd184264dc24ab35f9493', 0, 'Senjak, Savski Venac, Beograd', 8, -1, 0, 2, 385, 6000, 0, 2, 'https://resizer.4zida.rs/amiOjlj23scEdqA62mqVaIPsklc1yhBYCrLAS97UYjI/fill/380/0/ce/0/bG9jYWw6Ly8vNjA1YmQxODQyNjRkYzI0YWIzNWY5NDkzLzNmZmViYjA4ZDIzYzYwOTg3NWQ3MTc3ZWU3NjlhM2U5.jpeg');
INSERT INTO smestaj (idsmestaj, org_putanja, broj_lajkova, lokacija, broj_soba, spratonost, ima_lift, idtip_smestaja, kvadratura, cena, postoji, broj_sajta, slika) VALUES (355, 'https://www.4zida.rs/izdavanje/kuce/beograd/oglas/drinicka/6287d337b2fd242ac0666373', 0, 'Senjak, Savski Venac, Beograd', 3, -1, 0, 2, 121, 1390, 0, 2, 'https://resizer.4zida.rs/fzLrTDJfY4n3hfrC3qcxi-iSkQPHGhnYG4Vjotc8Seo/fill/380/0/ce/0/bG9jYWw6Ly8vNjI4N2QzMzdiMmZkMjQyYWMwNjY2MzczLzk5MWRlMjkyZTc2Zjc0ZjNjMjg1YjNmNmQ1Nzk1OGQ1.jpeg');
INSERT INTO smestaj (idsmestaj, org_putanja, broj_lajkova, lokacija, broj_soba, spratonost, ima_lift, idtip_smestaja, kvadratura, cena, postoji, broj_sajta, slika) VALUES (356, 'https://www.4zida.rs/izdavanje/kuce/beograd/oglas/kosutnjak/603cf992dbfd656f361fe245', 0, 'Košutnjak, Čukarica, Čukarica opština, Beograd', 6, -1, 0, 2, 250, 2000, 0, 2, 'https://resizer.4zida.rs/uMSw3YsYaWWvFQz2rS-9d25zU9kXfr1NLJxyvFQpNjA/fill/380/0/ce/0/bG9jYWw6Ly8vNjAzY2Y5OTJkYmZkNjU2ZjM2MWZlMjQ1LzJiYzhhZTI1ODU2YmMyYTZhMTMzM2QxMzMxYTNiN2E2.jpeg');
INSERT INTO smestaj (idsmestaj, org_putanja, broj_lajkova, lokacija, broj_soba, spratonost, ima_lift, idtip_smestaja, kvadratura, cena, postoji, broj_sajta, slika) VALUES (357, 'https://www.4zida.rs/izdavanje/kuce/beograd/oglas/dedinje/61f862fcf83e804b77028813', 0, 'Dedinje, Savski Venac, Beograd', 4, -1, 0, 2, 165, 1600, 0, 2, 'https://resizer.4zida.rs/KgwU3kKpTq_bp0aQC_wyxyfVcY7d2q9mXcq_UzOkEtU/fill/380/0/ce/0/bG9jYWw6Ly8vNjFmODYyZmNmODNlODA0Yjc3MDI4ODEzLzhiNTA0MGE4YTViYWYzZTBlNjczODZjMmUzYTliOTAz.jpeg');
INSERT INTO smestaj (idsmestaj, org_putanja, broj_lajkova, lokacija, broj_soba, spratonost, ima_lift, idtip_smestaja, kvadratura, cena, postoji, broj_sajta, slika) VALUES (358, 'https://www.4zida.rs/izdavanje/kuce/beograd/oglas/vase-pelagica/627b816d3a7f2c45bd74fdd3', 0, 'Senjak, Savski Venac, Beograd', 3, -1, 0, 2, 80, 900, 0, 2, 'https://resizer.4zida.rs/yr83NMsam6TEbyGirY4IOtuhTVxjDKv04LWJimOZwLc/fill/380/0/ce/0/bG9jYWw6Ly8vNjI3YjgxNmQzYTdmMmM0NWJkNzRmZGQzLzg1MTMwMGVlODRjMmI4MGVkNDBmNTFlZDI2ZDg2NmZj.jpeg');
INSERT INTO smestaj (idsmestaj, org_putanja, broj_lajkova, lokacija, broj_soba, spratonost, ima_lift, idtip_smestaja, kvadratura, cena, postoji, broj_sajta, slika) VALUES (359, 'https://www.4zida.rs/izdavanje/kuce/beograd/oglas/kumodraska/6283bc10cf02ea174b315da3', 0, 'Voždovac, Voždovac opština, Beograd', -1, -1, 0, 2, 240, 1000, 0, 2, 'https://resizer.4zida.rs/WJo1dNzgVhjqWhugwgKg95EHl0IFYaezwa1kPo_URvE/fill/380/0/ce/0/bG9jYWw6Ly8vNjI4M2JjMTBjZjAyZWExNzRiMzE1ZGEzLzcwZWNlMWUxZTA5MzE5MTk0MzhmY2ZjNmJkNWYxOTlj.jpeg');
INSERT INTO smestaj (idsmestaj, org_putanja, broj_lajkova, lokacija, broj_soba, spratonost, ima_lift, idtip_smestaja, kvadratura, cena, postoji, broj_sajta, slika) VALUES (360, 'https://www.4zida.rs/izdavanje/kuce/beograd/oglas/gostivarska/62408dcb7e2157379e1a7994', 0, 'Voždovačka crkva, Voždovac opština, Beograd', 4, -1, 0, 2, 134, 700, 0, 2, 'https://resizer.4zida.rs/gZQr6SG4pYQVIokz4StdDqolIRgMqRyw9L-VTeSlyh0/fill/380/0/ce/0/bG9jYWw6Ly8vNjI0MDhkY2I3ZTIxNTczNzllMWE3OTk0L2JiMmZjYmNkYzU.jpeg');
INSERT INTO smestaj (idsmestaj, org_putanja, broj_lajkova, lokacija, broj_soba, spratonost, ima_lift, idtip_smestaja, kvadratura, cena, postoji, broj_sajta, slika) VALUES (361, 'https://www.4zida.rs/izdavanje/kuce/beograd/oglas/dr-milivoja-babica/62867b470b2a9c4a06711773', 0, 'Gornji Grad, Zemun, Zemun opština, Beograd', -1, -1, 0, 2, 240, 4000, 0, 2, 'https://resizer.4zida.rs/d5hyyNRRmQUMvOkC9SgqR2q5biPxACtoADVZuAm-lgA/fill/380/0/ce/0/bG9jYWw6Ly8vNjI4NjdiNDcwYjJhOWM0YTA2NzExNzczL2MyZTdiNWJiMGVjOGJiN2UyYWFmOGE1NTE2Y2E1Mzg3.jpeg');
INSERT INTO smestaj (idsmestaj, org_putanja, broj_lajkova, lokacija, broj_soba, spratonost, ima_lift, idtip_smestaja, kvadratura, cena, postoji, broj_sajta, slika) VALUES (362, 'https://www.4zida.rs/izdavanje/kuce/beograd/oglas/vozda-karadjordja/62867272a24e4c2e1f0c6576', 1, 'Jakovo, Surčin opština, Beograd', 3, -1, 0, 2, 65, 180, 0, 2, 'https://resizer.4zida.rs/UGII5RvLc7G2blhRYmbd5CLjzBzwz-Lcr4TLPjuf29I/fill/380/0/ce/0/bG9jYWw6Ly8vNjI4NjcyNzJhMjRlNGMyZTFmMGM2NTc2LzE0ODAzM2RmZDk.jpeg');
INSERT INTO smestaj (idsmestaj, org_putanja, broj_lajkova, lokacija, broj_soba, spratonost, ima_lift, idtip_smestaja, kvadratura, cena, postoji, broj_sajta, slika) VALUES (363, 'https://www.4zida.rs/izdavanje/kuce/beograd/oglas/dedinje/62864cc96732053c1d2ed7cc', 0, 'Dedinje, Savski Venac, Beograd', 7, -1, 0, 2, 400, 4000, 0, 2, 'https://resizer.4zida.rs/4WSzOCEN91ujOK9eikIoSuC7_BzuE2YNlXLr9R3u3L4/fill/380/0/ce/0/bG9jYWw6Ly8vNjI4NjRjYzk2NzMyMDUzYzFkMmVkN2NjL2RkYmM4NmRjNGIyZmJmZDhhNjJlMTIwOTYyMjdlMDY4.jpeg');
INSERT INTO smestaj (idsmestaj, org_putanja, broj_lajkova, lokacija, broj_soba, spratonost, ima_lift, idtip_smestaja, kvadratura, cena, postoji, broj_sajta, slika) VALUES (364, 'https://www.4zida.rs/izdavanje/kuce/beograd/oglas/senjak/62864108037a4b6cfb0db955', 0, 'Senjak, Savski Venac, Beograd', 5, -1, 0, 2, 200, 4000, 0, 2, 'https://resizer.4zida.rs/kC9M9p7S59t0Dv1D-ef8KvuWUmDv96YhBSL6Um1qB14/fill/380/0/ce/0/bG9jYWw6Ly8vNjI4NjQxMDgwMzdhNGI2Y2ZiMGRiOTU1LzQ3ZjY5N2U1YTk.jpeg');
INSERT INTO smestaj (idsmestaj, org_putanja, broj_lajkova, lokacija, broj_soba, spratonost, ima_lift, idtip_smestaja, kvadratura, cena, postoji, broj_sajta, slika) VALUES (365, 'https://www.4zida.rs/izdavanje/kuce/beograd/oglas/zupana-vlastimira/62862b7f62ff406b626dee83', 0, 'Dedinje, Savski Venac, Beograd', 8, -1, 0, 2, 164, 4200, 0, 2, 'https://resizer.4zida.rs/jTx4QKyUi-ZWEg5IYnNg0SPn97yvcR_ewk_-j4yr0UI/fill/380/0/ce/0/bG9jYWw6Ly8vNjI4NjJiN2Y2MmZmNDA2YjYyNmRlZTgzLzE5NmY1NjQxYWE5ZGM4NzA2N2RhNGZmOTBmZDgxZTdi.jpeg');
INSERT INTO smestaj (idsmestaj, org_putanja, broj_lajkova, lokacija, broj_soba, spratonost, ima_lift, idtip_smestaja, kvadratura, cena, postoji, broj_sajta, slika) VALUES (366, 'https://www.4zida.rs/izdavanje/kuce/beograd/oglas/vladimira-gacinovica/628587504b17f738770257b8', 0, 'Dedinje, Savski Venac, Beograd', 6, -1, 0, 2, 160, 1200, 0, 2, 'https://resizer.4zida.rs/C6X_zdgspThTAl0r_sUGj4FpuaZyHBpKiDr8FOpuuxg/fill/380/0/ce/0/bG9jYWw6Ly8vNjI4NTg3NTA0YjE3ZjczODc3MDI1N2I4LzVkNDRhMmIwZDg1YWExYTRkZDNmMjE4YmU2NDIyYzY2.jpeg');
INSERT INTO smestaj (idsmestaj, org_putanja, broj_lajkova, lokacija, broj_soba, spratonost, ima_lift, idtip_smestaja, kvadratura, cena, postoji, broj_sajta, slika) VALUES (367, 'https://www.4zida.rs/izdavanje/kuce/beograd/oglas/borisavljeviceva/6285105348440477fc780058', 0, 'Autokomanda, Voždovac opština, Beograd', 10, -1, 0, 2, 400, 3000, 0, 2, 'https://resizer.4zida.rs/ZhjdtypFPeA0vbhKMkZn5H7WNE4C02urvkkZQGpYuG8/fill/380/0/ce/0/bG9jYWw6Ly8vNjI4NTEwNTM0ODQ0MDQ3N2ZjNzgwMDU4LzQ0MDEyZTc5Mjc4MTc3MmQ4Nzk1YWNmMjdmYWJlZDJm.jpeg');
INSERT INTO smestaj (idsmestaj, org_putanja, broj_lajkova, lokacija, broj_soba, spratonost, ima_lift, idtip_smestaja, kvadratura, cena, postoji, broj_sajta, slika) VALUES (368, 'https://www.4zida.rs/izdavanje/kuce/beograd/oglas/vrtlarska/6283af2ce7997b2475788fad', 0, 'Zemun - Centar, Zemun, Zemun opština, Beograd', -1, -1, 0, 2, 240, 3750, 0, 2, 'https://resizer.4zida.rs/9bxiqGsrhVixRJfYUGyJcKy8tac8CevWulWZfREqZV4/fill/380/0/ce/0/bG9jYWw6Ly8vNjI4M2FmMmNlNzk5N2IyNDc1Nzg4ZmFkL2E4MjFhMTYxYWE0MjE0ZjVmZjViOGNhMzcyOTYwZWJi.jpeg');
INSERT INTO smestaj (idsmestaj, org_putanja, broj_lajkova, lokacija, broj_soba, spratonost, ima_lift, idtip_smestaja, kvadratura, cena, postoji, broj_sajta, slika) VALUES (369, 'https://www.4zida.rs/izdavanje/kuce/beograd/oglas/dedinje/6283ac0253cf7b3e8b7866c3', 0, 'Dedinje, Savski Venac, Beograd', 8, -1, 0, 2, 263, 4000, 0, 2, 'https://resizer.4zida.rs/r6kQVszNhb02Ru3cL2l7KFSKt3_Ri1dc9jpnuU4-2Kg/fill/380/0/ce/0/bG9jYWw6Ly8vNjI4M2FjMDI1M2NmN2IzZThiNzg2NmMzLzBiZWIzNGRmN2U5NjE1Y2Q0M2I5MDkwOTg5Y2E0ODQ4.jpeg');
INSERT INTO smestaj (idsmestaj, org_putanja, broj_lajkova, lokacija, broj_soba, spratonost, ima_lift, idtip_smestaja, kvadratura, cena, postoji, broj_sajta, slika) VALUES (370, 'https://www.4zida.rs/izdavanje/kuce/beograd/oglas/dedinje/62826f701f2dab49510a21d3', 0, 'Dedinje, Savski Venac, Beograd', -1, -1, 0, 2, 400, 4000, 0, 2, 'https://resizer.4zida.rs/1Y8Qhg9Y2YP1Nggyh7xmzwEfJ7qhnfOaRE3g6VsI49w/fill/380/0/ce/0/bG9jYWw6Ly8vNjI4MjZmNzAxZjJkYWI0OTUxMGEyMWQzLzdjMDUxNDdmMzAyOWM5N2NlMjZjMGNiMGIyNDY5ZmNh.jpeg');
INSERT INTO smestaj (idsmestaj, org_putanja, broj_lajkova, lokacija, broj_soba, spratonost, ima_lift, idtip_smestaja, kvadratura, cena, postoji, broj_sajta, slika) VALUES (371, 'https://www.4zida.rs/izdavanje/kuce/beograd/oglas/crveni-krst-vracar/62821ebe7efcd05d8b60d0e3', 0, 'Crveni Krst Vračar, Vračar, Beograd', 3, -1, 0, 2, 150, 1500, 0, 2, 'https://resizer.4zida.rs/vKblSB28XmrBNfJH2DNB4ZzOkHJJPgFN8vIt88zAhvk/fill/380/0/ce/0/bG9jYWw6Ly8vNjI4MjFlYmU3ZWZjZDA1ZDhiNjBkMGUzL2QzNjMwNDEwYzUxZTYwOTQxYTkwMDFhNDY4NzEwNzBl.jpeg');
INSERT INTO smestaj (idsmestaj, org_putanja, broj_lajkova, lokacija, broj_soba, spratonost, ima_lift, idtip_smestaja, kvadratura, cena, postoji, broj_sajta, slika) VALUES (372, 'https://www.4zida.rs/izdavanje/kuce/beograd/oglas/mira-popare/61e0980451cdff2f6951ed07', 0, 'Banovo Brdo, Čukarica, Čukarica opština, Beograd', 8, -1, 0, 2, 300, 4000, 0, 2, 'https://resizer.4zida.rs/2r2VJpIRmYE125Ta4I6ZSATrz8XZX_lRwYcjlNZT2r0/fill/380/0/ce/0/bG9jYWw6Ly8vNjFlMDk4MDQ1MWNkZmYyZjY5NTFlZDA3L2IyYjA1ZDgzYmY.jpeg');
INSERT INTO smestaj (idsmestaj, org_putanja, broj_lajkova, lokacija, broj_soba, spratonost, ima_lift, idtip_smestaja, kvadratura, cena, postoji, broj_sajta, slika) VALUES (373, 'https://www.4zida.rs/izdavanje/kuce/beograd/oglas/pop-stojanova/622790dd8079ba0fd53d7243', 0, 'Crveni Krst Vračar, Vračar, Beograd', 10, -1, 0, 2, 220, 4500, 0, 2, 'https://resizer.4zida.rs/GOR-aRq3noMt01TCFG9_nulcqn2HMi_Jj7sVO__5Uxg/fill/380/0/ce/0/bG9jYWw6Ly8vNjIyNzkwZGQ4MDc5YmEwZmQ1M2Q3MjQzL2M0MDRhNWFkYmY5MGUwOTYzMTY3OGIxM2IwNWQ5ZDdh.jpeg');
INSERT INTO smestaj (idsmestaj, org_putanja, broj_lajkova, lokacija, broj_soba, spratonost, ima_lift, idtip_smestaja, kvadratura, cena, postoji, broj_sajta, slika) VALUES (374, 'https://www.4zida.rs/izdavanje/kuce/beograd/oglas/dragana-maksimovica/618019b1d8e36a7863212569', 0, 'Višnjička Banja, Palilula opština, Beograd', 7, -1, 0, 2, 600, 3000, 0, 2, 'https://resizer.4zida.rs/rbKMHl_eHtm33j_0ku1_FepmCOvkmovmVAhmkcyVMKk/fill/380/0/ce/0/bG9jYWw6Ly8vNjE4MDE5YjFkOGUzNmE3ODYzMjEyNTY5L2M3NWI2ZjExNGMyM2E0ZDdlYTExMzMxZTdjMDBlNzNj.jpeg');
INSERT INTO smestaj (idsmestaj, org_putanja, broj_lajkova, lokacija, broj_soba, spratonost, ima_lift, idtip_smestaja, kvadratura, cena, postoji, broj_sajta, slika) VALUES (375, 'https://www.4zida.rs/izdavanje/kuce/beograd/oglas/zemun-centar/61def30137ca24099e793e56', 0, 'Zemun - Centar, Zemun, Zemun opština, Beograd', 6, -1, 0, 2, 250, 899, 0, 2, 'https://resizer.4zida.rs/g29DgWlGHUryKb5Q1TiDriBpqAo_K5qR9wbJV5D9fpQ/fill/380/0/ce/0/bG9jYWw6Ly8vNjFkZWYzMDEzN2NhMjQwOTllNzkzZTU2L2RjYTQ5ZDFhNTkyOGNiMWMxYWMwNjRlOTEzN2M4YjBm.jpeg');
INSERT INTO smestaj (idsmestaj, org_putanja, broj_lajkova, lokacija, broj_soba, spratonost, ima_lift, idtip_smestaja, kvadratura, cena, postoji, broj_sajta, slika) VALUES (376, 'https://www.4zida.rs/izdavanje/kuce/beograd/oglas/vojvode-vlahovica/6009730ea902d120df371367', 0, 'Mitrovo Brdo, Braće Jerković, Voždovac opština, Beograd', 7, -1, 0, 2, 450, 2500, 0, 2, 'https://resizer.4zida.rs/Qd8ToKXho92sej1_vZlf84FQf59c39BG0_Y69-lPcFk/fill/380/0/ce/0/bG9jYWw6Ly8vNjAwOTczMGVhOTAyZDEyMGRmMzcxMzY3L2RmNDM4ZTUyMDZmMzE2MDBlNmFlNGFmNzJmMjcyNWYx.jpeg');
INSERT INTO smestaj (idsmestaj, org_putanja, broj_lajkova, lokacija, broj_soba, spratonost, ima_lift, idtip_smestaja, kvadratura, cena, postoji, broj_sajta, slika) VALUES (377, 'https://www.4zida.rs/izdavanje/kuce/beograd/oglas/lekino-brdo/627e40149760976fdb6580d3', 1, 'Lekino Brdo, Voždovac opština, Beograd', 2, -1, 0, 2, 68, 350, 0, 2, 'https://resizer.4zida.rs/9fFliL9Q3XEHF_Ufhb7HaaZia22O4tLMQGbo9s-ijVw/fill/380/0/ce/0/bG9jYWw6Ly8vNjI3ZTQwMTQ5NzYwOTc2ZmRiNjU4MGQzL2JhZWQ5ZjUxZDQxMmMyNTE0ZWU0NmEwOTQyMTM4YWQ2.jpeg');
INSERT INTO smestaj (idsmestaj, org_putanja, broj_lajkova, lokacija, broj_soba, spratonost, ima_lift, idtip_smestaja, kvadratura, cena, postoji, broj_sajta, slika) VALUES (378, 'https://www.4zida.rs/izdavanje/kuce/beograd/oglas/bogomira-acimovica/627e10ffdf962908c723d896', 0, 'Ledine, Novi Beograd, Beograd', 4, -1, 0, 2, 380, 7000, 0, 2, 'https://resizer.4zida.rs/_ZZhqAzAQBmrwec7LSp2pDoSM7t3WuiYnyfOENUnwRs/fill/380/0/ce/0/bG9jYWw6Ly8vNjI3ZTEwZmZkZjk2MjkwOGM3MjNkODk2LzMxMGI2MDk0OWQyYjYwOTY5MDNkN2U4YTUzOWIyMGY1.jpeg');
INSERT INTO smestaj (idsmestaj, org_putanja, broj_lajkova, lokacija, broj_soba, spratonost, ima_lift, idtip_smestaja, kvadratura, cena, postoji, broj_sajta, slika) VALUES (379, 'https://www.4zida.rs/izdavanje/kuce/beograd/oglas/karaburma/627d309d84641c08c6706d23', 0, 'Karaburma, Palilula opština, Beograd', 2, -1, 0, 2, 70, 500, 0, 2, 'https://resizer.4zida.rs/QRSWDshPHBJmmQ8ILBUTqEDWiy6qbNfmoHESkAB86tA/fill/380/0/ce/0/bG9jYWw6Ly8vNjI3ZDMwOWQ4NDY0MWMwOGM2NzA2ZDIzL2ZiMmUyMDMyMzRkZjZkZWUxNTkzNGU0NDhlZTg4OTcx.jpeg');
INSERT INTO smestaj (idsmestaj, org_putanja, broj_lajkova, lokacija, broj_soba, spratonost, ima_lift, idtip_smestaja, kvadratura, cena, postoji, broj_sajta, slika) VALUES (380, 'https://www.4zida.rs/izdavanje/kuce/beograd/oglas/jajinci/627be66dc29f833d830002a5', 0, 'Jajinci, Voždovac opština, Beograd', 3, -1, 0, 2, 79, 220, 0, 2, 'https://resizer.4zida.rs/EZa8sczwb4LzoSM3560nGYzeT80ZoLgQvDWEyxkWeNo/fill/380/0/ce/0/bG9jYWw6Ly8vNjI3YmU2NmRjMjlmODMzZDgzMDAwMmE1L2E5NjJmMDM4MWU.jpeg');
INSERT INTO smestaj (idsmestaj, org_putanja, broj_lajkova, lokacija, broj_soba, spratonost, ima_lift, idtip_smestaja, kvadratura, cena, postoji, broj_sajta, slika) VALUES (381, 'https://www.4zida.rs/izdavanje/kuce/beograd/oglas/kajmakcalanska/627bbe7aefdb532f32235a2c', 0, 'Crveni Krst, Zvezdara opština, Beograd', 10, -1, 0, 2, 620, 5500, 0, 2, 'https://resizer.4zida.rs/p0qLbPjBO2l4KPXcMAfOj-A-BCDMcAtO_GS9nYTHXPg/fill/380/0/ce/0/bG9jYWw6Ly8vNjI3YmJlN2FlZmRiNTMyZjMyMjM1YTJjLzk5ZTdlNmNlMDk3MzI0YWNlYjQ1Zjk4Mjk5Y2ViNjIx.jpeg');
INSERT INTO smestaj (idsmestaj, org_putanja, broj_lajkova, lokacija, broj_soba, spratonost, ima_lift, idtip_smestaja, kvadratura, cena, postoji, broj_sajta, slika) VALUES (382, 'https://www.4zida.rs/izdavanje/kuce/beograd/oglas/uzicka/627bae2ed6835687e902c1e7', 0, 'Dedinje, Savski Venac, Beograd', 8, -1, 0, 2, 260, 4200, 0, 2, 'https://resizer.4zida.rs/5wXHKOWC0fWr4JfuRpokQapK3MO5rf3EONhslUl_xuA/fill/380/0/ce/0/bG9jYWw6Ly8vNjI3YmFlMmVkNjgzNTY4N2U5MDJjMWU3LzRlNjA4MjFlNjg.jpeg');
INSERT INTO smestaj (idsmestaj, org_putanja, broj_lajkova, lokacija, broj_soba, spratonost, ima_lift, idtip_smestaja, kvadratura, cena, postoji, broj_sajta, slika) VALUES (383, 'https://www.4zida.rs/izdavanje/kuce/beograd/oglas/kajmakcalanska/627ba253bd3b005535492cf3', 0, 'Crveni Krst, Zvezdara opština, Beograd', 10, -1, 0, 2, 620, 5500, 0, 2, 'https://resizer.4zida.rs/2a1kv4GRVOliF7FjUMy1zLm0C40_K6B1z-z64ESGY7U/fill/380/0/ce/0/bG9jYWw6Ly8vNjI3YmEyNTNiZDNiMDA1NTM1NDkyY2YzL2JkMjJjMmVmOWU2ZjBmYTk3ODI1YzZiZTg3OWY4ZmE0.jpeg');
INSERT INTO smestaj (idsmestaj, org_putanja, broj_lajkova, lokacija, broj_soba, spratonost, ima_lift, idtip_smestaja, kvadratura, cena, postoji, broj_sajta, slika) VALUES (384, 'https://www.4zida.rs/izdavanje/kuce/beograd/oglas/zvezdarska-suma/627b8752dd755a69e01f2e4c', 0, 'Zvezdarska Šuma, Zvezdara opština, Beograd', 1, -1, 0, 2, 200, 800, 0, 2, 'https://resizer.4zida.rs/6eUqPZcaE7FmclSahaORSQdwPGwNfJKQfTUEnkPwcn0/fill/380/0/ce/0/bG9jYWw6Ly8vNjI3Yjg3NTJkZDc1NWE2OWUwMWYyZTRjLzIwYjAyZGM5NTE3MTU0MGJjNTI5MTJiYWYzYWE3MDlk.jpeg');
INSERT INTO smestaj (idsmestaj, org_putanja, broj_lajkova, lokacija, broj_soba, spratonost, ima_lift, idtip_smestaja, kvadratura, cena, postoji, broj_sajta, slika) VALUES (385, 'https://www.4zida.rs/izdavanje/kuce/beograd/oglas/gornji-grad/627a981dd7a76b7aa3567078', 0, 'Gornji Grad, Zemun, Zemun opština, Beograd', 5, -1, 0, 2, 180, 2800, 0, 2, 'https://www.4zida.rs/assets/images/placeholders/4z-no-image.jpg');
INSERT INTO smestaj (idsmestaj, org_putanja, broj_lajkova, lokacija, broj_soba, spratonost, ima_lift, idtip_smestaja, kvadratura, cena, postoji, broj_sajta, slika) VALUES (386, 'https://www.4zida.rs/izdavanje/kuce/beograd/oglas/ugrinovacka/627a8e0e3762866b5464f723', 0, 'Sava Kovačević, Zemun, Zemun opština, Beograd', 3, -1, 0, 2, 81, 900, 0, 2, 'https://resizer.4zida.rs/Ga8UlyPx3SJxPgdDJX8QlH30Od3_l6ox9zzp-vAXctU/fill/380/0/ce/0/bG9jYWw6Ly8vNjI3YThlMGUzNzYyODY2YjU0NjRmNzIzLzAxODgyNTEzZDVmYTdjMzI5ZTk0MGRkYTk5YjEyMTQ3.jpeg');
INSERT INTO smestaj (idsmestaj, org_putanja, broj_lajkova, lokacija, broj_soba, spratonost, ima_lift, idtip_smestaja, kvadratura, cena, postoji, broj_sajta, slika) VALUES (387, 'https://www.4zida.rs/izdavanje/kuce/beograd/oglas/teodosijeva/627a39918ab83713614bb0a3', 0, 'Konjarnik, Zvezdara opština, Beograd', 10, -1, 0, 2, 480, 3600, 0, 2, 'https://resizer.4zida.rs/UTQdsWeksbMris4dg-Y3f2m0_nUTc3kISmaIuyX5_8c/fill/380/0/ce/0/bG9jYWw6Ly8vNjI3YTM5OTE4YWI4MzcxMzYxNGJiMGEzL2U3ZDRjOGQ0ZmUwNGQ5YjQ1MzlhMDc1ZDgwOWM2ZDAx.jpeg');
INSERT INTO smestaj (idsmestaj, org_putanja, broj_lajkova, lokacija, broj_soba, spratonost, ima_lift, idtip_smestaja, kvadratura, cena, postoji, broj_sajta, slika) VALUES (388, 'https://www.4zida.rs/izdavanje/kuce/beograd/oglas/zvezdarska-suma/627a2480fc2ea03b97748298', 0, 'Zvezdarska Šuma, Zvezdara opština, Beograd', 5, -1, 0, 2, 140, 1600, 0, 2, 'https://resizer.4zida.rs/M4bfaNSHWRcaFbh_Xpuy-7AYo3cNRCrP7YZ_Od_YXGU/fill/380/0/ce/0/bG9jYWw6Ly8vNjI3YTI0ODBmYzJlYTAzYjk3NzQ4Mjk4LzdmMDFjOTM5NzYxNTk3ZjliODMyNjk0ZDRjMzgxNTEy.jpeg');
INSERT INTO smestaj (idsmestaj, org_putanja, broj_lajkova, lokacija, broj_soba, spratonost, ima_lift, idtip_smestaja, kvadratura, cena, postoji, broj_sajta, slika) VALUES (389, 'https://www.4zida.rs/izdavanje/kuce/beograd/oglas/dr-nedeljka-ercegovca/627a18c06405d83d9e6f0788', 0, 'Kalvarija, Zemun, Zemun opština, Beograd', 16, -1, 0, 2, 900, 3000, 0, 2, 'https://resizer.4zida.rs/BjBEjaPxgctI_58h64zS9S-f86G2jzDDuBvS4nkLDts/fill/380/0/ce/0/bG9jYWw6Ly8vNjI3YTE4YzA2NDA1ZDgzZDllNmYwNzg4LzIyMGE3ZjQ5ZDQyNDA2NTk4NTg3YTY2ZjAyNTg0YWMz.jpeg');
INSERT INTO smestaj (idsmestaj, org_putanja, broj_lajkova, lokacija, broj_soba, spratonost, ima_lift, idtip_smestaja, kvadratura, cena, postoji, broj_sajta, slika) VALUES (390, 'https://www.4zida.rs/izdavanje/kuce/beograd/oglas/vojni-put-1/627a18246405d83d9e6f0664', 0, 'Altina, Zemun, Zemun opština, Beograd', 5, -1, 0, 2, 460, 2000, 0, 2, 'https://resizer.4zida.rs/o6F9NFIRzIuS9LCi-gfNU1nJlUXlXejlhK_ClmTiz9M/fill/380/0/ce/0/bG9jYWw6Ly8vNjI3YTE4MjQ2NDA1ZDgzZDllNmYwNjY0LzgyMTM4YjExYTcyNGI5NGQxOGRmMmUwODNkOGI3YjU1.jpeg');
INSERT INTO smestaj (idsmestaj, org_putanja, broj_lajkova, lokacija, broj_soba, spratonost, ima_lift, idtip_smestaja, kvadratura, cena, postoji, broj_sajta, slika) VALUES (391, 'https://www.4zida.rs/izdavanje/kuce/beograd/oglas/visoka/627a16eb6405d83d9e6f0404', 0, 'Zemun, Zemun opština, Beograd', 4, -1, 0, 2, 123, 1300, 0, 2, 'https://resizer.4zida.rs/9vtjT0n4cfLsULTMHl97_u3V26lnNqehA_eTCLzFORs/fill/380/0/ce/0/bG9jYWw6Ly8vNjI3YTE2ZWI2NDA1ZDgzZDllNmYwNDA0LzU2MzdmMzI3OTM3ZmYyYmViN2QwYTQ5OWEwYjk5ZDNj.jpeg');
INSERT INTO smestaj (idsmestaj, org_putanja, broj_lajkova, lokacija, broj_soba, spratonost, ima_lift, idtip_smestaja, kvadratura, cena, postoji, broj_sajta, slika) VALUES (392, 'https://www.4zida.rs/izdavanje/kuce/beograd/oglas/augusta-cesarca/62791b2253575f345875eb24', 0, 'Dedinje, Savski Venac, Beograd', 8, -1, 0, 2, 425, 3000, 0, 2, 'https://resizer.4zida.rs/cP9tmPjcmc4K9w3NLU481aE9SWgS4DJ5dI2gkgJJW-g/fill/380/0/ce/0/bG9jYWw6Ly8vNjI3OTFiMjI1MzU3NWYzNDU4NzVlYjI0LzUwNTNhYjA5Mzg.jpeg');
INSERT INTO smestaj (idsmestaj, org_putanja, broj_lajkova, lokacija, broj_soba, spratonost, ima_lift, idtip_smestaja, kvadratura, cena, postoji, broj_sajta, slika) VALUES (393, 'https://www.4zida.rs/izdavanje/kuce/beograd/oglas/trosarina/6278e6295d117c3b7f255593', 1, 'Trošarina, Voždovac opština, Beograd', 2, -1, 0, 2, 28, 170, 0, 2, 'https://resizer.4zida.rs/GI4L4dHrC4IZSiPLpw8Z1LDrnbaqMZIIn46E5opjzNI/fill/380/0/ce/0/bG9jYWw6Ly8vNjI3OGU2Mjk1ZDExN2MzYjdmMjU1NTkzL2E3NTdkNDU1OTc.jpeg');
INSERT INTO smestaj (idsmestaj, org_putanja, broj_lajkova, lokacija, broj_soba, spratonost, ima_lift, idtip_smestaja, kvadratura, cena, postoji, broj_sajta, slika) VALUES (394, 'https://www.4zida.rs/izdavanje/kuce/beograd/oglas/vojvode-vlahovica/627663d93fa1175e32789428', 0, 'Braće Jerković, Voždovac opština, Beograd', -1, -1, 0, 2, 140, 1300, 0, 2, 'https://resizer.4zida.rs/FqZgUEDG1ALBUbdJM63vj9u7QR8ZAsDkUFvShILBLu4/fill/380/0/ce/0/bG9jYWw6Ly8vNjI3NjYzZDkzZmExMTc1ZTMyNzg5NDI4L2M3NjM1YmZkOTkyNDhhMmNkZWY4MjQ5ZWY3YmZiZWY0.jpeg');
INSERT INTO smestaj (idsmestaj, org_putanja, broj_lajkova, lokacija, broj_soba, spratonost, ima_lift, idtip_smestaja, kvadratura, cena, postoji, broj_sajta, slika) VALUES (395, 'https://www.4zida.rs/izdavanje/kuce/beograd/oglas/beograd-centar/6274e50f3a53bd7a6e0ce993', 0, 'Beograd centar, Stari Grad opština, Beograd', 8, -1, 0, 2, 500, 7000, 0, 2, 'https://resizer.4zida.rs/CFTuIW-NhiGKN8Xm9Kh3wEMv-zlUc61zhXeprKNesNk/fill/380/0/ce/0/bG9jYWw6Ly8vNjI3NGU1MGYzYTUzYmQ3YTZlMGNlOTkzLzRkN2E5NjhiYjYzNmUyNTgxOGZmMmEzOTQxZGIwOGMx.jpeg');
INSERT INTO smestaj (idsmestaj, org_putanja, broj_lajkova, lokacija, broj_soba, spratonost, ima_lift, idtip_smestaja, kvadratura, cena, postoji, broj_sajta, slika) VALUES (396, 'https://www.4zida.rs/izdavanje/kuce/beograd/oglas/brace-jerkovic/627454a074af8c3bed20d9de', 0, 'Braće Jerković, Voždovac opština, Beograd', 4, -1, 0, 2, 146, 700, 0, 2, 'https://resizer.4zida.rs/caPK-3PnqfMigTQudZBQUZ0BnQRrbKHVor3Cm4K_hIw/fill/380/0/ce/0/bG9jYWw6Ly8vNjI3NDU0YTA3NGFmOGMzYmVkMjBkOWRlL2U3YTQyNWM2ZWNlMjBjYmM5MDU2Zjk4Njk5YjUzYzZm.jpeg');
INSERT INTO smestaj (idsmestaj, org_putanja, broj_lajkova, lokacija, broj_soba, spratonost, ima_lift, idtip_smestaja, kvadratura, cena, postoji, broj_sajta, slika) VALUES (397, 'https://www.4zida.rs/izdavanje/kuce/beograd/oglas/slavujev-venac/6273b698684b657f3f17f293', 0, 'Slavujev Venac, Zvezdara opština, Beograd', 5, -1, 0, 2, 330, 2000, 0, 2, 'https://resizer.4zida.rs/GbWOL81ZW15KpX4AZQedWriN1bDdQHv2JVQso3Re5VI/fill/380/0/ce/0/bG9jYWw6Ly8vNjI3M2I2OTg2ODRiNjU3ZjNmMTdmMjkzL2MzNmIxMTMyYWM4MjllY2U4N2RkYTU1ZDc3YWMwNmE0.jpeg');
INSERT INTO smestaj (idsmestaj, org_putanja, broj_lajkova, lokacija, broj_soba, spratonost, ima_lift, idtip_smestaja, kvadratura, cena, postoji, broj_sajta, slika) VALUES (398, 'https://www.4zida.rs/izdavanje/kuce/beograd/oglas/avalska/6273abb5baee215ed0349229', 0, 'Ripanj, Voždovac opština, Beograd', 10, -1, 0, 2, 400, 1500, 0, 2, 'https://resizer.4zida.rs/KymNBerVZrEFcrLWTU6w4l6fqItDgZMesOa9fTE3hY8/fill/380/0/ce/0/bG9jYWw6Ly8vNjI3M2FiYjViYWVlMjE1ZWQwMzQ5MjI5LzA4YjI1NWE1ZDQyYjg5YjA1ODUyNjBiNmYyMzYwYmRk.jpeg');
INSERT INTO smestaj (idsmestaj, org_putanja, broj_lajkova, lokacija, broj_soba, spratonost, ima_lift, idtip_smestaja, kvadratura, cena, postoji, broj_sajta, slika) VALUES (399, 'https://www.4zida.rs/izdavanje/kuce/beograd/oglas/emila-zole/62739f39e80fcd2e4b167c73', 0, 'Cerak, Čukarica, Čukarica opština, Beograd', 10, -1, 0, 2, 500, 3000, 0, 2, 'https://resizer.4zida.rs/oCiU-DlyzNW3hYu9qmTR9HswzV5MfUCHOHpLqWOiZk4/fill/380/0/ce/0/bG9jYWw6Ly8vNjI3MzlmMzllODBmY2QyZTRiMTY3YzczLzFiOWU0M2MxNzBjZDNmYzU5NjI0YTE4NjYzYjhkNGQy.jpeg');
INSERT INTO smestaj (idsmestaj, org_putanja, broj_lajkova, lokacija, broj_soba, spratonost, ima_lift, idtip_smestaja, kvadratura, cena, postoji, broj_sajta, slika) VALUES (400, 'https://www.4zida.rs/izdavanje/kuce/beograd/oglas/milovana-marinkovica/61f31d090179d14a59018af4', 0, 'Voždovac, Voždovac opština, Beograd', 8, -1, 0, 2, 550, 3800, 0, 2, 'https://resizer.4zida.rs/aL18UCRZckqqAgwZklW84ZDn9IlMZoUbMX84zTCMiNA/fill/380/0/ce/0/bG9jYWw6Ly8vNjFmMzFkMDkwMTc5ZDE0YTU5MDE4YWY0LzUwOTgyZmIyZjJjZmExODZkMzM1MzEwNDYxZGZhMmJl.jpeg');
INSERT INTO smestaj (idsmestaj, org_putanja, broj_lajkova, lokacija, broj_soba, spratonost, ima_lift, idtip_smestaja, kvadratura, cena, postoji, broj_sajta, slika) VALUES (401, 'https://www.4zida.rs/izdavanje/kuce/beograd/oglas/denkova-basta/61f363567737493e442bdff0', 0, 'Denkova Bašta, Zvezdara opština, Beograd', 6, -1, 0, 2, 426, 3500, 0, 2, 'https://resizer.4zida.rs/Qc1Y2CnpW2Gy-xHMd2_Y13Qy4gXtWRA1H-J2-9-dl2g/fill/380/0/ce/0/bG9jYWw6Ly8vNjFmMzYzNTY3NzM3NDkzZTQ0MmJkZmYwLzYwMjQ0M2EzZDY5MDcxMTdkOGI0YTMwODg0NGU5NjNl.jpeg');
INSERT INTO smestaj (idsmestaj, org_putanja, broj_lajkova, lokacija, broj_soba, spratonost, ima_lift, idtip_smestaja, kvadratura, cena, postoji, broj_sajta, slika) VALUES (403, 'https://www.4zida.rs/izdavanje/stanovi/beograd/oglas/cara-nikolaja/627ce26eb525a1bf8c037596', 0, 'Kalenić, Vračar, Beograd', 3, -1, 1, 2, 95, 1500, 1, 2, 'https://resizer.4zida.rs/elHHjPaM__D93ssiH-cbo4emLGuNpAQrXdX1ZTJCMGo/fill/380/0/ce/0/bG9jYWw6Ly8vNjI3Y2UyNmViNTI1YTFiZjhjMDM3NTk2LzU3MjMwODY5ODM.jpeg');
INSERT INTO smestaj (idsmestaj, org_putanja, broj_lajkova, lokacija, broj_soba, spratonost, ima_lift, idtip_smestaja, kvadratura, cena, postoji, broj_sajta, slika) VALUES (405, 'https://www.4zida.rs/izdavanje/stanovi/beograd/oglas/hram/6282101a9cadbb07850c7849', 0, 'Hram Svetog Save, Neimar, Vračar, Beograd', 4, -1, 1, 2, 207, 5000, 1, 2, '');
INSERT INTO smestaj (idsmestaj, org_putanja, broj_lajkova, lokacija, broj_soba, spratonost, ima_lift, idtip_smestaja, kvadratura, cena, postoji, broj_sajta, slika) VALUES (407, 'https://www.4zida.rs/izdavanje/stanovi/beograd/oglas/cara-nikolaja-ii/627a55cc9fa99620ed168678', 0, 'Istočni Vračar, Vračar, Beograd', 2.5, -1, 0, 2, 64, 700, 1, 2, '');
INSERT INTO smestaj (idsmestaj, org_putanja, broj_lajkova, lokacija, broj_soba, spratonost, ima_lift, idtip_smestaja, kvadratura, cena, postoji, broj_sajta, slika) VALUES (409, 'https://www.4zida.rs/izdavanje/stanovi/beograd/oglas/bulevar-kralja-aleksandra/6295fe0049a6dd758a45130a', 0, 'Crveni Krst Vračar, Vračar, Beograd', 3, -1, 1, 2, 96, 1300, 1, 2, '');
INSERT INTO smestaj (idsmestaj, org_putanja, broj_lajkova, lokacija, broj_soba, spratonost, ima_lift, idtip_smestaja, kvadratura, cena, postoji, broj_sajta, slika) VALUES (411, 'https://www.4zida.rs/izdavanje/stanovi/beograd/oglas/blok-1-fontana/614c4aa5642e340b7160df26', 0, 'Blok 1 - Fontana, Novi Beograd, Beograd', 1.5, -1, 1, 2, 40, 600, 1, 2, '');
INSERT INTO smestaj (idsmestaj, org_putanja, broj_lajkova, lokacija, broj_soba, spratonost, ima_lift, idtip_smestaja, kvadratura, cena, postoji, broj_sajta, slika) VALUES (413, 'https://www.4zida.rs/izdavanje/stanovi/beograd/oglas/blok-65/627a402f576ebc4aef20a903', 0, 'Blok 65, Novi Beograd, Beograd', 2, -1, 1, 2, 62, 1100, 1, 2, '');
INSERT INTO smestaj (idsmestaj, org_putanja, broj_lajkova, lokacija, broj_soba, spratonost, ima_lift, idtip_smestaja, kvadratura, cena, postoji, broj_sajta, slika) VALUES (415, 'https://www.4zida.rs/izdavanje/stanovi/beograd/oglas/skerliceva/629606fc5bdb684de609b793', 0, 'Hram Svetog Save, Neimar, Vračar, Beograd', 2, -1, 0, 2, 65, 650, 0, 2, '');
INSERT INTO smestaj (idsmestaj, org_putanja, broj_lajkova, lokacija, broj_soba, spratonost, ima_lift, idtip_smestaja, kvadratura, cena, postoji, broj_sajta, slika) VALUES (417, 'https://www.4zida.rs/izdavanje/stanovi/beograd/oglas/bulevar-oslobodjenja/629605cd4b02dfc8b1044f53', 0, 'Banjica, Voždovac opština, Beograd', 2.5, -1, 1, 2, 72, 300, 1, 2, '');
INSERT INTO smestaj (idsmestaj, org_putanja, broj_lajkova, lokacija, broj_soba, spratonost, ima_lift, idtip_smestaja, kvadratura, cena, postoji, broj_sajta, slika) VALUES (419, 'https://www.4zida.rs/izdavanje/stanovi/beograd/oglas/fon-vozdovac/62935aa62a07c47f0169e0e3', 0, 'FON - Voždovac, Voždovac, Voždovac opština, Beograd', 2, -1, 1, 2, 52, 750, 1, 2, '');
INSERT INTO smestaj (idsmestaj, org_putanja, broj_lajkova, lokacija, broj_soba, spratonost, ima_lift, idtip_smestaja, kvadratura, cena, postoji, broj_sajta, slika) VALUES (421, 'https://www.4zida.rs/izdavanje/stanovi/beograd/oglas/bulevar-oslobodjenja/6292531ecf258c2eed20cdfb', 0, 'Slavija, Vračar, Beograd', 2, -1, 1, 2, 55, 850, 1, 2, '');
INSERT INTO smestaj (idsmestaj, org_putanja, broj_lajkova, lokacija, broj_soba, spratonost, ima_lift, idtip_smestaja, kvadratura, cena, postoji, broj_sajta, slika) VALUES (423, 'https://www.4zida.rs/izdavanje/stanovi/beograd/oglas/drinciceva/629252f3cf258c2eed20cdd8', 0, 'Gundulićev Venac, Donji Dorćol, Dorćol, Stari Grad opština, Beograd', 2, -1, 0, 2, 45, 800, 1, 2, '');
INSERT INTO smestaj (idsmestaj, org_putanja, broj_lajkova, lokacija, broj_soba, spratonost, ima_lift, idtip_smestaja, kvadratura, cena, postoji, broj_sajta, slika) VALUES (425, 'https://www.4zida.rs/izdavanje/stanovi/beograd/oglas/aleksinackih-rudara/628f5bebf93fa41bc172d2bd', 0, 'Blok 11c - Stari Merkator, Blok 11, Novi Beograd, Beograd', 3, -1, 1, 2, 67, 1000, 1, 2, '');
INSERT INTO smestaj (idsmestaj, org_putanja, broj_lajkova, lokacija, broj_soba, spratonost, ima_lift, idtip_smestaja, kvadratura, cena, postoji, broj_sajta, slika) VALUES (427, 'https://www.4zida.rs/izdavanje/stanovi/beograd/oglas/sarajevska/6250769ab89f275c1819cc98', 0, 'Beograđanka, Savski Venac, Beograd', 3.5, -1, 1, 2, 81, 1600, 1, 2, '');
INSERT INTO smestaj (idsmestaj, org_putanja, broj_lajkova, lokacija, broj_soba, spratonost, ima_lift, idtip_smestaja, kvadratura, cena, postoji, broj_sajta, slika) VALUES (431, 'https://www.4zida.rs/izdavanje/kuce/beograd/oglas/vladete-kovacevica/60b750fa87f2bd71854ef453', 0, 'Senjak, Savski Venac, Beograd', 0, -1, 0, 2, 720, 7500, 0, 2, 'https://resizer.4zida.rs/p57twS2pDe-100sYxxtaKAxuyssMYqT2XigbuVinr7g/fill/380/0/ce/0/bG9jYWw6Ly8vNjBiNzUwZmE4N2YyYmQ3MTg1NGVmNDUzLzI3ZDUyYmNiMzU4MDcyNGViNGNiZTlmMjcxOGE5MzY1.jpeg');
INSERT INTO smestaj (idsmestaj, org_putanja, broj_lajkova, lokacija, broj_soba, spratonost, ima_lift, idtip_smestaja, kvadratura, cena, postoji, broj_sajta, slika) VALUES (432, 'https://www.4zida.rs/izdavanje/stanovi/beograd/oglas/miklosiceva/627a108f72927158be64e423', 0, 'Lekino Brdo, Voždovac opština, Beograd', 2, -1, 1, 2, 50, 600, 1, 2, 'https://resizer.4zida.rs/nV1rRpo1fbruMBCBFDsT9E6x8Zavsky5c6-c1REMK7Y/fill/380/0/ce/0/bG9jYWw6Ly8vNjI3YTEwOGY3MjkyNzE1OGJlNjRlNDIzLzA0N2Y5MmU1MzQ.jpeg');
INSERT INTO smestaj (idsmestaj, org_putanja, broj_lajkova, lokacija, broj_soba, spratonost, ima_lift, idtip_smestaja, kvadratura, cena, postoji, broj_sajta, slika) VALUES (435, 'https://www.4zida.rs/izdavanje/kuce/beograd/oglas/pazinska/628e37841ed53516562cfee3', 0, 'Trošarina, Voždovac opština, Beograd', 10, -1, 0, 2, 377, 2800, 0, 2, 'https://resizer.4zida.rs/-4zdzEq662tKT1IUwQK307PkjBG1nCvIR7ujTGBCUEg/fill/380/0/ce/0/bG9jYWw6Ly8vNjI4ZTM3ODQxZWQ1MzUxNjU2MmNmZWUzL2UxZTMyZTIzNWVlZTFmOTcwNDcwYTNhNjY1OGRmZGQ1.jpeg');
INSERT INTO smestaj (idsmestaj, org_putanja, broj_lajkova, lokacija, broj_soba, spratonost, ima_lift, idtip_smestaja, kvadratura, cena, postoji, broj_sajta, slika) VALUES (437, 'https://www.4zida.rs/izdavanje/stanovi/beograd/oglas/hercegovacka/61fd887d7d95a421744c9550', 0, 'Beograd na vodi, Savski Venac, Beograd', 3, -1, 1, 2, 83, 1600, 1, 2, 'https://resizer.4zida.rs/NjtD1OGwpqdfDelRZcoLZvG-74Hk5kKZOorgARdzzpA/fill/380/0/ce/0/bG9jYWw6Ly8vNjFmZDg4N2Q3ZDk1YTQyMTc0NGM5NTUwLzI4MjQ1MDQzNGE.jpeg');
INSERT INTO smestaj (idsmestaj, org_putanja, broj_lajkova, lokacija, broj_soba, spratonost, ima_lift, idtip_smestaja, kvadratura, cena, postoji, broj_sajta, slika) VALUES (440, 'https://www.4zida.rs/izdavanje/stanovi/beograd/oglas/terraces/620787bda29aaf7aee66ae38', 0, 'Beograd na vodi, Savski Venac, Beograd', 3, -1, 1, 2, 107, 2500, 1, 2, 'https://resizer.4zida.rs/DsBwXupXFiFSJcqaiK9oxbXR0rwgZuGR1medOGreWKI/fill/380/0/ce/0/bG9jYWw6Ly8vNjIwNzg3YmRhMjlhYWY3YWVlNjZhZTM4LzdkNGJhNzAwNjM1MTQzNmMzNWUyODNiMGJlOGZmNTZj.jpeg');
INSERT INTO smestaj (idsmestaj, org_putanja, broj_lajkova, lokacija, broj_soba, spratonost, ima_lift, idtip_smestaja, kvadratura, cena, postoji, broj_sajta, slika) VALUES (442, 'https://www.4zida.rs/izdavanje/kuce/beograd/oglas/svetogorska/629786419357dc773b38a0d2', 0, 'Beograd centar, Stari Grad opština, Beograd', 6, 0, 0, 1, 500, 7000, 0, 1, 'https://resizer.4zida.rs/HgDDe28oLGUKckftHVKnf8-bUCjeNoUjf9r9IFPLG3Y/fill/380/0/ce/0/bG9jYWw6Ly8vNjI5Nzg2NDE5MzU3ZGM3NzNiMzhhMGQyL2JmYmI1NmJlZTY4ZDk5YWZmYWE2NGYxODkwNDVkNWYy.jpeg');
INSERT INTO smestaj (idsmestaj, org_putanja, broj_lajkova, lokacija, broj_soba, spratonost, ima_lift, idtip_smestaja, kvadratura, cena, postoji, broj_sajta, slika) VALUES (443, 'https://www.4zida.rs/izdavanje/kuce/beograd/oglas/gledicka/5db7153d2731717e701d12e3', 0, 'Voždovac, Voždovac opština, Beograd', -1, 0, 0, 1, 100, 450, 0, 1, 'https://resizer.4zida.rs/FVTbKjqi9EZkHyMqWJpU9V92jHNT59uTX6X-kyZ0jiY/fill/380/0/ce/0/bG9jYWw6Ly8vNWRiNzE1M2QyNzMxNzE3ZTcwMWQxMmUzL2Q3Mjg1ODdmZmYyZDg3MjAxZWFlMGExNTg1MDdkODE0.jpeg');
INSERT INTO smestaj (idsmestaj, org_putanja, broj_lajkova, lokacija, broj_soba, spratonost, ima_lift, idtip_smestaja, kvadratura, cena, postoji, broj_sajta, slika) VALUES (444, 'https://www.4zida.rs/izdavanje/kuce/beograd/oglas/visnjicka/62963a3ac6282d59ca7d1ed3', 0, 'Višnjička Banja, Palilula opština, Beograd', 10, 0, 0, 1, 1200, 10000, 0, 1, 'https://resizer.4zida.rs/M-sk6Eizc2fx1qjym33ML-ZT5hrYqb_lQNZ9I5FS1Uw/fill/380/0/ce/0/bG9jYWw6Ly8vNjI5NjNhM2FjNjI4MmQ1OWNhN2QxZWQzLzFmMWJhYTViOGVkYWM3NGViNGVhYTMyOWYxNGEwMzYx.jpeg');
INSERT INTO smestaj (idsmestaj, org_putanja, broj_lajkova, lokacija, broj_soba, spratonost, ima_lift, idtip_smestaja, kvadratura, cena, postoji, broj_sajta, slika) VALUES (445, 'https://www.4zida.rs/izdavanje/kuce/beograd/oglas/geteova/62961a916ad2e568ef245fa4', 0, 'Novi Grad, Zemun, Zemun opština, Beograd', 10, 0, 0, 1, 300, 2000, 0, 1, 'https://resizer.4zida.rs/V_r8x5KATHqhnPol2laWYaaWwoTC6dgwjlVN5s0492Y/fill/380/0/ce/0/bG9jYWw6Ly8vNjI5NjFhOTE2YWQyZTU2OGVmMjQ1ZmE0L2ZiMmUyMDMyMzRkZjZkZWUxNTkzNGU0NDhlZTg4OTcx.jpeg');
INSERT INTO smestaj (idsmestaj, org_putanja, broj_lajkova, lokacija, broj_soba, spratonost, ima_lift, idtip_smestaja, kvadratura, cena, postoji, broj_sajta, slika) VALUES (446, 'https://www.4zida.rs/izdavanje/kuce/beograd/oglas/vozdovac/62960bbe52cd1c52362230fd', 0, 'Voždovac, Voždovac opština, Beograd', -1, 0, 0, 1, 100, 900, 0, 1, 'https://resizer.4zida.rs/8iR1lWwcRSSROk8ygbGLDSrimYjUWoa2KxES3D07qB8/fill/380/0/ce/0/bG9jYWw6Ly8vNjI5NjBiYmU1MmNkMWM1MjM2MjIzMGZkLzAxYjYzOTc4ODhjMDlkODRmM2RjODlkODA3YWExMDA0.jpeg');
INSERT INTO smestaj (idsmestaj, org_putanja, broj_lajkova, lokacija, broj_soba, spratonost, ima_lift, idtip_smestaja, kvadratura, cena, postoji, broj_sajta, slika) VALUES (447, 'https://www.4zida.rs/izdavanje/kuce/beograd/oglas/alekse-bacvanskog/6295fe7f5525ea62050fbe6d', 0, 'Dedinje, Savski Venac, Beograd', 3, 0, 0, 1, 100, 950, 0, 1, 'https://www.4zida.rs/assets/images/placeholders/4z-no-image.jpg');
INSERT INTO smestaj (idsmestaj, org_putanja, broj_lajkova, lokacija, broj_soba, spratonost, ima_lift, idtip_smestaja, kvadratura, cena, postoji, broj_sajta, slika) VALUES (448, 'https://www.4zida.rs/izdavanje/kuce/beograd/oglas/kumodraska/6295fcb705326e56a67e9d75', 0, 'Dušanovac, Voždovac opština, Beograd', 5, 0, 0, 1, 411, 1000, 0, 1, 'https://resizer.4zida.rs/eUYUgl0IbGXwo6PB9Zd-IvCQcwZYeN4dTeAWZU4XyyA/fill/380/0/ce/0/bG9jYWw6Ly8vNjI5NWZjYjcwNTMyNmU1NmE2N2U5ZDc1L2Y3YmRiMGUxMDAyNzU2MDBmOWUxODNlMjVkODE4MjJk.jpeg');
INSERT INTO smestaj (idsmestaj, org_putanja, broj_lajkova, lokacija, broj_soba, spratonost, ima_lift, idtip_smestaja, kvadratura, cena, postoji, broj_sajta, slika) VALUES (449, 'https://www.4zida.rs/izdavanje/kuce/beograd/oglas/stojana-aralice/628b5bcc8acf9761db6c3a88', 0, 'Čubura, Vračar, Beograd', 5, 0, 0, 1, 220, 2200, 0, 1, 'https://resizer.4zida.rs/_066InHgfpEjNtW0YtGmBIc1YxPNCWjQwkN1j2_zh7o/fill/380/0/ce/0/bG9jYWw6Ly8vNjI4YjViY2M4YWNmOTc2MWRiNmMzYTg4LzJjYmNhNDQ4NDNhODY0NTMzZWMwNWIzMjFhZTFmOWQx.jpeg');
INSERT INTO smestaj (idsmestaj, org_putanja, broj_lajkova, lokacija, broj_soba, spratonost, ima_lift, idtip_smestaja, kvadratura, cena, postoji, broj_sajta, slika) VALUES (450, 'https://www.4zida.rs/izdavanje/kuce/beograd/oglas/palilula/61803380c441821a411fa463', 0, 'Palilula, Palilula opština, Beograd', 2, 0, 0, 1, 2041, 10000, 0, 1, 'https://resizer.4zida.rs/BeqjLdDFr9SsmDA0Uvfv95xy3O6xpROxCUogHq3WoIg/fill/380/0/ce/0/bG9jYWw6Ly8vNjE4MDMzODBjNDQxODIxYTQxMWZhNDYzLzZmMjY4OGE1ZmNlN2Q0OGM4ZDE5NzYyYjg4YzMyYzNi.jpeg');
INSERT INTO smestaj (idsmestaj, org_putanja, broj_lajkova, lokacija, broj_soba, spratonost, ima_lift, idtip_smestaja, kvadratura, cena, postoji, broj_sajta, slika) VALUES (451, 'https://www.4zida.rs/izdavanje/kuce/beograd/oglas/gavrila-principa/5f64ab87b57585163a41a343', 0, 'Zeleni Venac, Savski Venac, Beograd', 10, 0, 0, 1, 235, 2600, 0, 1, 'https://resizer.4zida.rs/HxKZWUmPt88aaOtaqeVXnk_tHEvrWKqvXqQMBPD8YuA/fill/380/0/ce/0/bG9jYWw6Ly8vNWY2NGFiODdiNTc1ODUxNjNhNDFhMzQzLzEzODU5NzRlZDU5MDRhNDM4NjE2ZmY3YmRiM2Y3NDM5.jpeg');
INSERT INTO smestaj (idsmestaj, org_putanja, broj_lajkova, lokacija, broj_soba, spratonost, ima_lift, idtip_smestaja, kvadratura, cena, postoji, broj_sajta, slika) VALUES (452, 'https://www.4zida.rs/izdavanje/kuce/beograd/oglas/banjica/6294e47318ac311732239894', 0, 'Banjica, Voždovac opština, Beograd', -1, 0, 0, 1, 125, 1350, 0, 1, 'https://resizer.4zida.rs/6uqt6qfBWzVkbYtQh-cWB1Lv8BbK_LeeiH3Wqb-VIoI/fill/380/0/ce/0/bG9jYWw6Ly8vNjI5NGU0NzMxOGFjMzExNzMyMjM5ODk0L2RjMGMzOTgwODZmZWU1OGY5ZDY0ZTFlNDdhYTRlNTg2.jpeg');
INSERT INTO smestaj (idsmestaj, org_putanja, broj_lajkova, lokacija, broj_soba, spratonost, ima_lift, idtip_smestaja, kvadratura, cena, postoji, broj_sajta, slika) VALUES (453, 'https://www.4zida.rs/izdavanje/kuce/beograd/oglas/zdralova/6294b92727e7165d400adef9', 0, 'Višnjica, Palilula opština, Beograd', 1, 0, 0, 1, 45, 10, 0, 1, 'https://www.4zida.rs/assets/images/placeholders/4z-no-image.jpg');
INSERT INTO smestaj (idsmestaj, org_putanja, broj_lajkova, lokacija, broj_soba, spratonost, ima_lift, idtip_smestaja, kvadratura, cena, postoji, broj_sajta, slika) VALUES (454, 'https://www.4zida.rs/izdavanje/stanovi/beograd/oglas/spanskih-boraca/6232249e4985617a1b69861d', 0, 'Blok 29, Novi Beograd, Beograd', 6, 3, 1, 1, 110, 900, 1, 1, 'https://resizer.4zida.rs/lIO6p5Uy_pdM72jh7uCmz1-HkzlgSsUyDINhzp16pVM/fill/380/0/ce/0/bG9jYWw6Ly8vNjIzMjI0OWU0OTg1NjE3YTFiNjk4NjFkL2M3OTNiM2JlOGYxODczMWYyYTRjNjI3ZmIzYzZjNjNk.jpeg');
INSERT INTO smestaj (idsmestaj, org_putanja, broj_lajkova, lokacija, broj_soba, spratonost, ima_lift, idtip_smestaja, kvadratura, cena, postoji, broj_sajta, slika) VALUES (455, 'https://www.4zida.rs/izdavanje/stanovi/beograd/oglas/hercegovacka/6273b70bb35eff19de70a7d9', 0, 'Beograd na vodi, Savski Venac, Beograd', 3, 8, 1, 1, 82, 1600, 1, 1, 'https://resizer.4zida.rs/S-4pKHBMwJ2It9eBGFc6y7-0-NO81AEnUdO43JIhviI/fill/380/0/ce/0/bG9jYWw6Ly8vNjI3M2I3MGJiMzVlZmYxOWRlNzBhN2Q5L2U4OTRkNzg3ZTJmZDZjMTMzYWY0NzE0MGFhMTU2ZjAw.jpeg');
INSERT INTO smestaj (idsmestaj, org_putanja, broj_lajkova, lokacija, broj_soba, spratonost, ima_lift, idtip_smestaja, kvadratura, cena, postoji, broj_sajta, slika) VALUES (456, 'https://www.4zida.rs/izdavanje/stanovi/beograd/oglas/podgoricka/627e42fe45594456b15cc689', 0, 'Hram Svetog Save, Neimar, Vračar, Beograd', 2, 1, 1, 1, 53, 700, 1, 1, 'https://resizer.4zida.rs/lB1qi8cfyb6QfYZSXx90RU6Su0C7JjGzmMhMq-f4byY/fill/380/0/ce/0/bG9jYWw6Ly8vNjI3ZTQyZmU0NTU5NDQ1NmIxNWNjNjg5L2ZjMWYwNzNmZTkxNDAzZjAwZDIyMTkxODVmZGVhNzli.jpeg');
INSERT INTO smestaj (idsmestaj, org_putanja, broj_lajkova, lokacija, broj_soba, spratonost, ima_lift, idtip_smestaja, kvadratura, cena, postoji, broj_sajta, slika) VALUES (457, 'https://www.4zida.rs/izdavanje/stanovi/beograd/oglas/jurija-gagarina/628bb859ef8bb2410b4f47c1', 0, 'A Blok - Blok 67a, Novi Beograd, Beograd', 2.5, 3, 1, 1, 66, 1600, 1, 1, 'https://resizer.4zida.rs/LTVqlENi6CZeI5PrWUMejXKbgwyvCqYe9zNsUAWXFtc/fill/380/0/ce/0/bG9jYWw6Ly8vNjI4YmI4NTllZjhiYjI0MTBiNGY0N2MxLzMwMGVjZjkzYjcyMjRjZjQzOWI2ZGU2ZWUxZDZjMjAw.jpeg');
INSERT INTO smestaj (idsmestaj, org_putanja, broj_lajkova, lokacija, broj_soba, spratonost, ima_lift, idtip_smestaja, kvadratura, cena, postoji, broj_sajta, slika) VALUES (458, 'https://www.4zida.rs/izdavanje/stanovi/beograd/oglas/blok-65/6283b2d17f10ab00e300e4e8', 0, 'Blok 65, Novi Beograd, Beograd', 2, 0, 0, 1, 42, 800, 1, 1, 'https://resizer.4zida.rs/xOK5HaMldxpUfNatOnpwhAHKWsel8MAgzpTZRWCOZYg/fill/380/0/ce/0/bG9jYWw6Ly8vNjI4M2IyZDE3ZjEwYWIwMGUzMDBlNGU4LzJjY2MyODI2YjQ0NWFlYmFjNmY2YjNmODAxM2U3OTMx.jpeg');
INSERT INTO smestaj (idsmestaj, org_putanja, broj_lajkova, lokacija, broj_soba, spratonost, ima_lift, idtip_smestaja, kvadratura, cena, postoji, broj_sajta, slika) VALUES (459, 'https://www.4zida.rs/izdavanje/stanovi/beograd/oglas/cvetkova-pijaca/627a6a52711daa29f8306f23', 0, 'Cvetkova Pijaca, Zvezdara opština, Beograd', 1, 0, 1, 1, 30, 450, 1, 1, 'https://resizer.4zida.rs/hCnzmB5nyHlLLDnIkoWNAaIwnCFx6guoLUWTeVNhR_U/fill/380/0/ce/0/bG9jYWw6Ly8vNjI3YTZhNTI3MTFkYWEyOWY4MzA2ZjIzL2M1NGU3ODM3ZTBjZDBjZWQyODZjYjU5OTUzMjdkMWFi.jpeg');
INSERT INTO smestaj (idsmestaj, org_putanja, broj_lajkova, lokacija, broj_soba, spratonost, ima_lift, idtip_smestaja, kvadratura, cena, postoji, broj_sajta, slika) VALUES (460, 'https://www.4zida.rs/izdavanje/stanovi/beograd/oglas/prote-mateje/628b921a37ee61101d5ce3e3', 0, 'Krunski Venac, Vračar, Beograd', 3.5, 3, 1, 1, 180, 3500, 1, 1, 'https://resizer.4zida.rs/5-Jeb6GQFpEsUnPQnOsSGl2S5OzoK_gsuBcGoJaMvzE/fill/380/0/ce/0/bG9jYWw6Ly8vNjI4YjkyMWEzN2VlNjExMDFkNWNlM2UzL2IzOGU1ZmY1ZjgxNmFjNmU0MTY5YmNlOTMxNGIyOTk2.jpeg');
INSERT INTO smestaj (idsmestaj, org_putanja, broj_lajkova, lokacija, broj_soba, spratonost, ima_lift, idtip_smestaja, kvadratura, cena, postoji, broj_sajta, slika) VALUES (461, 'https://www.4zida.rs/izdavanje/stanovi/beograd/oglas/bulevar-arsenija-carnojevica/627bb2137a8f906a62099dd9', 0, 'Blok 22, Novi Beograd, Beograd', 3, 2, 1, 1, 75, 600, 1, 1, 'https://resizer.4zida.rs/mzUdPyu3vr45SxxX0JHB1rULD28W-YFVu8H4sWeW5P0/fill/380/0/ce/0/bG9jYWw6Ly8vNjI3YmIyMTM3YThmOTA2YTYyMDk5ZGQ5L2YwZWFmNTU5Zjg5Y2ExNzAyMjc4Mzk2NGViZTljZGZk.jpeg');
INSERT INTO smestaj (idsmestaj, org_putanja, broj_lajkova, lokacija, broj_soba, spratonost, ima_lift, idtip_smestaja, kvadratura, cena, postoji, broj_sajta, slika) VALUES (462, 'https://www.4zida.rs/izdavanje/stanovi/beograd/oglas/milentija-popovica/6290b0b6f7ccfd5e8526d576', 0, 'Blok 22, Novi Beograd, Beograd', 3, 0, 0, 1, 59, 600, 1, 1, 'https://resizer.4zida.rs/kvpoavvYlXdWTqSFf6R40IXQUdST6AjFzGZpF3NAjzU/fill/380/0/ce/0/bG9jYWw6Ly8vNjI5MGIwYjZmN2NjZmQ1ZTg1MjZkNTc2Lzk5MWQ5MTI0NDViZDM5NjU5OWJiYjMxZjY5NzAwNWJj.jpeg');
INSERT INTO smestaj (idsmestaj, org_putanja, broj_lajkova, lokacija, broj_soba, spratonost, ima_lift, idtip_smestaja, kvadratura, cena, postoji, broj_sajta, slika) VALUES (463, 'https://www.4zida.rs/izdavanje/stanovi/beograd/oglas/generala-horvatovica/627b8da783cb15523162dd23', 0, 'Južni Bulevar, Vračar, Beograd', 0.5, 2, 0, 1, 28, 470, 1, 1, 'https://resizer.4zida.rs/wcCzzk0a6fB0k9w_wlkqNEE5P_KQEE41Us6VlM-z26o/fill/380/0/ce/0/bG9jYWw6Ly8vNjI3YjhkYTc4M2NiMTU1MjMxNjJkZDIzLzdhZTExYWYyMDgwMzE4NTEyMGU4M2QzY2U0ZmI0ZWQ3.jpeg');
INSERT INTO smestaj (idsmestaj, org_putanja, broj_lajkova, lokacija, broj_soba, spratonost, ima_lift, idtip_smestaja, kvadratura, cena, postoji, broj_sajta, slika) VALUES (464, 'https://www.4zida.rs/izdavanje/stanovi/beograd/oglas/bulevar-oslobodjenja/628e029f64a181288032f10e', 0, 'Banjica, Voždovac opština, Beograd', 3, 1, 1, 1, 76, 450, 1, 1, 'https://resizer.4zida.rs/iDVoXe3o6FNFjgoKTpodqRuUTFy59r-psoy9-VDV7Wg/fill/380/0/ce/0/bG9jYWw6Ly8vNjI4ZTAyOWY2NGExODEyODgwMzJmMTBlLzI1NmJmOGU2OTIzYTUyZmRhOGRkZjdkYzA1MGExMTQ4.jpeg');
INSERT INTO smestaj (idsmestaj, org_putanja, broj_lajkova, lokacija, broj_soba, spratonost, ima_lift, idtip_smestaja, kvadratura, cena, postoji, broj_sajta, slika) VALUES (465, 'https://www.4zida.rs/izdavanje/stanovi/beograd/oglas/blok-45/628dea792ce63f5de11ef278', 0, 'Blok 45, Novi Beograd, Beograd', 3, 0, 1, 1, 72, 800, 1, 1, 'https://resizer.4zida.rs/xbVQbOAQtoo6dgGVj_x2vuBz4l04dnsPhsMHYaX1rzA/fill/380/0/ce/0/bG9jYWw6Ly8vNjI4ZGVhNzkyY2U2M2Y1ZGUxMWVmMjc4LzRlMDkzYWE3NDE3ZmUwODgxYmM1ZmJkYTczMjJhNzRl.jpeg');
INSERT INTO smestaj (idsmestaj, org_putanja, broj_lajkova, lokacija, broj_soba, spratonost, ima_lift, idtip_smestaja, kvadratura, cena, postoji, broj_sajta, slika) VALUES (466, 'https://www.4zida.rs/izdavanje/stanovi/beograd/oglas/gornji-grad/628dea782ce63f5de11ef273', 0, 'Gornji Grad, Zemun, Zemun opština, Beograd', 2.5, 0, 0, 1, 75, 750, 1, 1, 'https://resizer.4zida.rs/iu_I10Vv1Rdk8nV4txqa-_0Fr4xJUcHvtnVctnE0czQ/fill/380/0/ce/0/bG9jYWw6Ly8vNjI4ZGVhNzgyY2U2M2Y1ZGUxMWVmMjczL2M2Zjc5OGI4NDQzNjZjY2Q2NWQ5OWJjN2YzMWUwZTAy.jpeg');
INSERT INTO smestaj (idsmestaj, org_putanja, broj_lajkova, lokacija, broj_soba, spratonost, ima_lift, idtip_smestaja, kvadratura, cena, postoji, broj_sajta, slika) VALUES (467, 'https://www.4zida.rs/izdavanje/stanovi/beograd/oglas/djeram/6275408b69b27f792c17490b', 0, 'Đeram, Zvezdara opština, Beograd', 2.5, 0, 1, 1, 80, 750, 1, 1, 'https://resizer.4zida.rs/qf4MnmyysENxEzD_nNjBc3c1dMVl68z5ZJKAxb1CtXc/fill/380/0/ce/0/bG9jYWw6Ly8vNjI3NTQwOGI2OWIyN2Y3OTJjMTc0OTBiLzE1Nzk3NzliOThjZTllZGI5OGRkODU2MDZmMmMxMTlk.jpeg');
INSERT INTO smestaj (idsmestaj, org_putanja, broj_lajkova, lokacija, broj_soba, spratonost, ima_lift, idtip_smestaja, kvadratura, cena, postoji, broj_sajta, slika) VALUES (468, 'https://www.4zida.rs/izdavanje/stanovi/beograd/oglas/blok-12-yubc/6273c4b9b8882c67a413bf96', 1, 'Blok 12 - YUBC, Novi Beograd, Beograd', 1.5, 0, 1, 1, 145, 1200, 1, 1, 'https://resizer.4zida.rs/7KxwrGOVcQzJEfAnUMfxv9H7387LLKL6yviZfy-2SEw/fill/380/0/ce/0/bG9jYWw6Ly8vNjI3M2M0YjliODg4MmM2N2E0MTNiZjk2LzNjOGE0OTE0NTk0NGZlZDJiYmNhYWRlMTc4YTQyNmM0.jpeg');
INSERT INTO smestaj (idsmestaj, org_putanja, broj_lajkova, lokacija, broj_soba, spratonost, ima_lift, idtip_smestaja, kvadratura, cena, postoji, broj_sajta, slika) VALUES (469, 'https://www.4zida.rs/izdavanje/stanovi/beograd/oglas/milana-blagojevica-spanca/627ead740073269b770dcab4', 0, 'Dedinje, Savski Venac, Beograd', 2.5, 0, 1, 1, 70, 650, 1, 1, 'https://resizer.4zida.rs/JJa540Qmp42UuGWDL5DY6s27iSX3yMICiUH4NL-spOk/fill/380/0/ce/0/bG9jYWw6Ly8vNjI3ZWFkNzQwMDczMjY5Yjc3MGRjYWI0L2QyZWQzZjg2NTc.jpeg');
INSERT INTO smestaj (idsmestaj, org_putanja, broj_lajkova, lokacija, broj_soba, spratonost, ima_lift, idtip_smestaja, kvadratura, cena, postoji, broj_sajta, slika) VALUES (470, 'https://www.4zida.rs/izdavanje/stanovi/beograd/oglas/kursulina/61f250aaf9635e1d83200098', 0, 'Kalenić, Vračar, Beograd', 4, 2, 0, 1, 105, 2200, 1, 1, 'https://resizer.4zida.rs/nbuwJXYpZR418WNaQeqKs00qrZEw6PgOnvU9Y-PTS1s/fill/380/0/ce/0/bG9jYWw6Ly8vNjFmMjUwYWFmOTYzNWUxZDgzMjAwMDk4Lzg0YzJkNDg2MGEwZmMyN2JjZjg1NGM0NDRmYjhiNDAw.jpeg');
INSERT INTO smestaj (idsmestaj, org_putanja, broj_lajkova, lokacija, broj_soba, spratonost, ima_lift, idtip_smestaja, kvadratura, cena, postoji, broj_sajta, slika) VALUES (471, 'https://www.4zida.rs/izdavanje/stanovi/beograd/oglas/hercegovacka/626823cdda2eee7b90632974', 0, 'Beograd na vodi, Savski Venac, Beograd', 2, 22, 1, 1, 56, 1300, 1, 1, 'https://resizer.4zida.rs/K-AZHuxt0Sp20-T5ke6Wt77C86MaGGFcb0v54_j3LWI/fill/380/0/ce/0/bG9jYWw6Ly8vNjI2ODIzY2RkYTJlZWU3YjkwNjMyOTc0LzAzOTMzZjMxYjc.jpeg');
INSERT INTO smestaj (idsmestaj, org_putanja, broj_lajkova, lokacija, broj_soba, spratonost, ima_lift, idtip_smestaja, kvadratura, cena, postoji, broj_sajta, slika) VALUES (472, 'https://www.4zida.rs/izdavanje/stanovi/beograd/oglas/sindjeliceva/627cd9c8af9ea78a9008e444', 0, 'Kalenić, Vračar, Beograd', 4, 4, 1, 1, 180, 3600, 1, 1, 'https://resizer.4zida.rs/cvvH0RllH3CAMrN7ujoF4zHBsNN9S_dwIax2xMF0Lqg/fill/380/0/ce/0/bG9jYWw6Ly8vNjI3Y2Q5YzhhZjllYTc4YTkwMDhlNDQ0LzRhYzNmNzVmZDQ.jpeg');
INSERT INTO smestaj (idsmestaj, org_putanja, broj_lajkova, lokacija, broj_soba, spratonost, ima_lift, idtip_smestaja, kvadratura, cena, postoji, broj_sajta, slika) VALUES (473, 'https://www.4zida.rs/izdavanje/stanovi/beograd/oglas/trnska/61fbc5e16932a509522bbc7d', 0, 'Kalenić, Vračar, Beograd', 4, 4, 1, 1, 250, 2500, 1, 1, 'https://resizer.4zida.rs/doP5xSEgyhUfgBXatQmrMzgMPxT2ERKYXUyfFLsRjPs/fill/380/0/ce/0/bG9jYWw6Ly8vNjFmYmM1ZTE2OTMyYTUwOTUyMmJiYzdkLzZkOTY3MThhNzAxZjViZmJhMjgzYmJkYzcxZGZhNWM0.jpeg');
INSERT INTO smestaj (idsmestaj, org_putanja, broj_lajkova, lokacija, broj_soba, spratonost, ima_lift, idtip_smestaja, kvadratura, cena, postoji, broj_sajta, slika) VALUES (474, 'https://www.4zida.rs/izdavanje/stanovi/beograd/oglas/cara-nikolaja/61ffa7b95e6c8c25ec483efa', 0, 'Kalenić, Vračar, Beograd', 4, 4, 1, 1, 90, 2800, 1, 1, 'https://resizer.4zida.rs/4SpdvJOF0rQsrSoKwIEtn1CbMaC_eh_b7zQPgKs7sK4/fill/380/0/ce/0/bG9jYWw6Ly8vNjFmZmE3Yjk1ZTZjOGMyNWVjNDgzZWZhL2I1N2E0M2Q3NTM.jpeg');
INSERT INTO smestaj (idsmestaj, org_putanja, broj_lajkova, lokacija, broj_soba, spratonost, ima_lift, idtip_smestaja, kvadratura, cena, postoji, broj_sajta, slika) VALUES (475, 'https://www.4zida.rs/izdavanje/stanovi/beograd/oglas/stojana-protica/62054766010a3242fc1a7b52', 0, 'Hram Svetog Save, Neimar, Vračar, Beograd', 4, 3, 1, 1, 189, 3000, 1, 1, 'https://resizer.4zida.rs/AR26wFTXgixSNZzVuLyY2H0-DQA2EBh3emFXmoTGWrU/fill/380/0/ce/0/bG9jYWw6Ly8vNjIwNTQ3NjYwMTBhMzI0MmZjMWE3YjUyL2ViYTU1ZmNhNDU3NWUzNWVlYzg1ODdmMTBiYTYwYTQz.jpeg');
INSERT INTO smestaj (idsmestaj, org_putanja, broj_lajkova, lokacija, broj_soba, spratonost, ima_lift, idtip_smestaja, kvadratura, cena, postoji, broj_sajta, slika) VALUES (476, 'https://www.4zida.rs/izdavanje/stanovi/beograd/oglas/hram/621bb8a9741c38360228cbe3', 0, 'Hram Svetog Save, Neimar, Vračar, Beograd', 4, 4, 1, 1, 179, 3000, 1, 1, 'https://resizer.4zida.rs/mfRgWAiufpFRPyKEfGhwoVIY-MjmTDnCq5r1ZjT0qKY/fill/380/0/ce/0/bG9jYWw6Ly8vNjIxYmI4YTk3NDFjMzgzNjAyMjhjYmUzL2JjYmI5YzQ0MTg.jpeg');
INSERT INTO smestaj (idsmestaj, org_putanja, broj_lajkova, lokacija, broj_soba, spratonost, ima_lift, idtip_smestaja, kvadratura, cena, postoji, broj_sajta, slika) VALUES (477, 'https://www.4zida.rs/izdavanje/stanovi/beograd/oglas/tnska/624015fb5857af3f74613914', 0, 'Kalenić, Vračar, Beograd', 4, 4, 1, 1, 236, 2200, 1, 1, 'https://resizer.4zida.rs/_1JnJ0xlpFTNUdtTWoii5yaDrjGvIhEO8KOgz1FBh10/fill/380/0/ce/0/bG9jYWw6Ly8vNjI0MDE1ZmI1ODU3YWYzZjc0NjEzOTE0L2ZjZGQwNjg2YTQ.jpeg');
INSERT INTO smestaj (idsmestaj, org_putanja, broj_lajkova, lokacija, broj_soba, spratonost, ima_lift, idtip_smestaja, kvadratura, cena, postoji, broj_sajta, slika) VALUES (478, 'https://www.4zida.rs/izdavanje/stanovi/beograd/oglas/krunska/627bbf3b499ec762ca0b4fe5', 0, 'Kalenić, Vračar, Beograd', 4, 6, 1, 1, 188, 3500, 1, 1, 'https://resizer.4zida.rs/WrrLnijyImsUZydPtkti4Poat5rXEjVZeHCMawO_duI/fill/380/0/ce/0/bG9jYWw6Ly8vNjI3YmJmM2I0OTllYzc2MmNhMGI0ZmU1Lzk1ZTFiNmE5ZGY.jpeg');
INSERT INTO smestaj (idsmestaj, org_putanja, broj_lajkova, lokacija, broj_soba, spratonost, ima_lift, idtip_smestaja, kvadratura, cena, postoji, broj_sajta, slika) VALUES (479, 'https://www.4zida.rs/izdavanje/stanovi/beograd/oglas/hram/627bc2f87a1ab69686005816', 0, 'Hram Svetog Save, Neimar, Vračar, Beograd', 4, 0, 1, 1, 140, 3000, 1, 1, 'https://resizer.4zida.rs/J8JGtHN8WjZQnnLOV5BWwfhiwpB3qMxTK4xENmLE-Sc/fill/380/0/ce/0/bG9jYWw6Ly8vNjI3YmMyZjg3YTFhYjY5Njg2MDA1ODE2L2IyYWYzNzI4YzU.jpeg');
INSERT INTO smestaj (idsmestaj, org_putanja, broj_lajkova, lokacija, broj_soba, spratonost, ima_lift, idtip_smestaja, kvadratura, cena, postoji, broj_sajta, slika) VALUES (480, 'https://www.4zida.rs/izdavanje/stanovi/beograd/oglas/hram/627bc41b28cdcdebf40aae15', 0, 'Hram Svetog Save, Neimar, Vračar, Beograd', 4, 4, 1, 1, 145, 2000, 1, 1, 'https://resizer.4zida.rs/28g9Tn15iKHr_-0LgfHcrrWEr7QSsvyuoK95onSrvfY/fill/380/0/ce/0/bG9jYWw6Ly8vNjI3YmM0MWIyOGNkY2RlYmY0MGFhZTE1L2E1ZmU5MjczOWY.jpeg');
INSERT INTO smestaj (idsmestaj, org_putanja, broj_lajkova, lokacija, broj_soba, spratonost, ima_lift, idtip_smestaja, kvadratura, cena, postoji, broj_sajta, slika) VALUES (481, 'https://www.4zida.rs/izdavanje/stanovi/beograd/oglas/hram/627bc6fd6e3cc391a40fe2e4', 0, 'Hram Svetog Save, Neimar, Vračar, Beograd', 4, 2, 1, 1, 180, 4000, 1, 1, 'https://resizer.4zida.rs/jWOIpIJOMXI8yYvWKOmuWSKz1vVxPexMlTnHV4ss7V0/fill/380/0/ce/0/bG9jYWw6Ly8vNjI3YmM2ZmQ2ZTNjYzM5MWE0MGZlMmU0LzdiZDc2YjE4YjQ.jpeg');
INSERT INTO smestaj (idsmestaj, org_putanja, broj_lajkova, lokacija, broj_soba, spratonost, ima_lift, idtip_smestaja, kvadratura, cena, postoji, broj_sajta, slika) VALUES (482, 'https://www.4zida.rs/izdavanje/stanovi/beograd/oglas/hram/627bc94f653d35304d09ca76', 0, 'Hram Svetog Save, Neimar, Vračar, Beograd', 4, 0, 1, 1, 160, 3000, 1, 1, 'https://resizer.4zida.rs/nJzRbYcAJc0g4aJMa9VmERL0udvxqneFRNu-H1TFLSQ/fill/380/0/ce/0/bG9jYWw6Ly8vNjI3YmM5NGY2NTNkMzUzMDRkMDljYTc2L2VmYjI2NGFkY2E.jpeg');
INSERT INTO smestaj (idsmestaj, org_putanja, broj_lajkova, lokacija, broj_soba, spratonost, ima_lift, idtip_smestaja, kvadratura, cena, postoji, broj_sajta, slika) VALUES (483, 'https://www.4zida.rs/izdavanje/stanovi/beograd/oglas/kalenic/627bcb451193e316600aedc4', 0, 'Kalenić, Vračar, Beograd', 4, 4, 1, 1, 240, 2500, 1, 1, 'https://resizer.4zida.rs/mMrAiqQfNlqR2eRF0lWPGYWThIvE3rkK5yUOJ3SbU-g/fill/380/0/ce/0/bG9jYWw6Ly8vNjI3YmNiNDUxMTkzZTMxNjYwMGFlZGM0Lzg1YWJkY2UzMmY.jpeg');
INSERT INTO smestaj (idsmestaj, org_putanja, broj_lajkova, lokacija, broj_soba, spratonost, ima_lift, idtip_smestaja, kvadratura, cena, postoji, broj_sajta, slika) VALUES (484, 'https://www.4zida.rs/izdavanje/stanovi/beograd/oglas/trnska/627cdac08c3bd27f9d03c347', 0, 'Kalenić, Vračar, Beograd', 4, 4, 1, 1, 240, 2500, 1, 1, 'https://resizer.4zida.rs/RWLdcJyIqxNz39Qhx-aeEnk89eOlTLjMx241yUko7Aw/fill/380/0/ce/0/bG9jYWw6Ly8vNjI3Y2RhYzA4YzNiZDI3ZjlkMDNjMzQ3LzM2OGMxMDhiZDc.jpeg');
INSERT INTO smestaj (idsmestaj, org_putanja, broj_lajkova, lokacija, broj_soba, spratonost, ima_lift, idtip_smestaja, kvadratura, cena, postoji, broj_sajta, slika) VALUES (485, 'https://www.4zida.rs/izdavanje/stanovi/beograd/oglas/hram/627cdbf108547f49ac048866', 0, 'Hram Svetog Save, Neimar, Vračar, Beograd', 4, 3, 1, 1, 155, 3000, 1, 1, 'https://resizer.4zida.rs/yyjV99dfdQQyKbRruba8eZ7mRYnEU0qs0sUYlTGkNXo/fill/380/0/ce/0/bG9jYWw6Ly8vNjI3Y2RiZjEwODU0N2Y0OWFjMDQ4ODY2Lzg3NzcxNzYyYTg.jpeg');
INSERT INTO smestaj (idsmestaj, org_putanja, broj_lajkova, lokacija, broj_soba, spratonost, ima_lift, idtip_smestaja, kvadratura, cena, postoji, broj_sajta, slika) VALUES (486, 'https://www.4zida.rs/izdavanje/stanovi/beograd/oglas/krunska/627e4a05d44efa6cc401cb73', 0, 'Kalenić, Vračar, Beograd', 4, 6, 1, 1, 180, 3500, 1, 1, 'https://resizer.4zida.rs/Bsr4MQ-uwuGox8EDo34l2B20iBhrUd6G4Km6L1CldNY/fill/380/0/ce/0/bG9jYWw6Ly8vNjI3ZTRhMDVkNDRlZmE2Y2M0MDFjYjczL2FhMGFiMDQ5ZTg.jpeg');
INSERT INTO smestaj (idsmestaj, org_putanja, broj_lajkova, lokacija, broj_soba, spratonost, ima_lift, idtip_smestaja, kvadratura, cena, postoji, broj_sajta, slika) VALUES (487, 'https://www.4zida.rs/izdavanje/stanovi/beograd/oglas/kalenic/628e366258a077ac47033b08', 0, 'Kalenić, Vračar, Beograd', 3, 4, 1, 1, 209, 2200, 1, 1, 'https://resizer.4zida.rs/V4S155-QP4xnByvAs5bb0p9M8-YkSl4OKRp9yANcMNI/fill/380/0/ce/0/bG9jYWw6Ly8vNjI4ZTM2NjI1OGEwNzdhYzQ3MDMzYjA4LzM5YzExMmY2MWE.jpeg');
INSERT INTO smestaj (idsmestaj, org_putanja, broj_lajkova, lokacija, broj_soba, spratonost, ima_lift, idtip_smestaja, kvadratura, cena, postoji, broj_sajta, slika) VALUES (488, 'https://www.4zida.rs/izdavanje/stanovi/beograd/oglas/vracar/627cdbf03148814dbc0e0813', 0, 'Krunski Venac, Vračar, Beograd', 2, 2, 1, 1, 105, 2000, 1, 1, 'https://resizer.4zida.rs/15FDE_zY2vQ8HJqiuOZnr6-lB767RdIV5pLbe7ZvNkM/fill/380/0/ce/0/bG9jYWw6Ly8vNjI3Y2RiZjAzMTQ4ODE0ZGJjMGUwODEzLzI5M2NkYzM5NDk.jpeg');
INSERT INTO smestaj (idsmestaj, org_putanja, broj_lajkova, lokacija, broj_soba, spratonost, ima_lift, idtip_smestaja, kvadratura, cena, postoji, broj_sajta, slika) VALUES (489, 'https://www.4zida.rs/izdavanje/stanovi/beograd/oglas/vracar/627cdab116266d0758020a13', 0, 'Krunski Venac, Vračar, Beograd', 4, 3, 1, 1, 135, 3500, 1, 1, 'https://resizer.4zida.rs/ewqGIPDZHMCCGCEWGrwsLwstvGwLERQn4iwcVwmaOTU/fill/380/0/ce/0/bG9jYWw6Ly8vNjI3Y2RhYjExNjI2NmQwNzU4MDIwYTEzL2RlNTU2MDlmZmU.jpeg');
INSERT INTO smestaj (idsmestaj, org_putanja, broj_lajkova, lokacija, broj_soba, spratonost, ima_lift, idtip_smestaja, kvadratura, cena, postoji, broj_sajta, slika) VALUES (490, 'https://www.4zida.rs/izdavanje/stanovi/beograd/oglas/arena/627cda394b1afb26830f3e43', 0, 'Blok 25 - Arena, Novi Beograd, Beograd', 4, 5, 1, 1, 130, 2000, 1, 1, 'https://resizer.4zida.rs/iqmS-Sibe4v7fGoom4ZSYzlhE6xUD5zMbMjgKrmt3KE/fill/380/0/ce/0/bG9jYWw6Ly8vNjI3Y2RhMzk0YjFhZmIyNjgzMGYzZTQzLzc3MDk1ZmY3NGY.jpeg');
INSERT INTO smestaj (idsmestaj, org_putanja, broj_lajkova, lokacija, broj_soba, spratonost, ima_lift, idtip_smestaja, kvadratura, cena, postoji, broj_sajta, slika) VALUES (491, 'https://www.4zida.rs/izdavanje/stanovi/beograd/oglas/antifasisticke-borbe/627cd8d708547f49ac048863', 0, 'Blok 25 - Arena, Novi Beograd, Beograd', 3, 3, 1, 1, 92, 1200, 0, 1, 'https://resizer.4zida.rs/v2eUI-qJcWXmPnerTINDEWGeS0re9bocktuuy5qDNno/fill/380/0/ce/0/bG9jYWw6Ly8vNjI3Y2Q4ZDcwODU0N2Y0OWFjMDQ4ODYzLzEzNTE0ZWZlOTI.jpeg');
INSERT INTO smestaj (idsmestaj, org_putanja, broj_lajkova, lokacija, broj_soba, spratonost, ima_lift, idtip_smestaja, kvadratura, cena, postoji, broj_sajta, slika) VALUES (492, 'https://www.4zida.rs/izdavanje/stanovi/beograd/oglas/vracar/627cd8ca36fc21c837089f2c', 0, 'Vračar, Beograd', 4, 4, 1, 1, 240, 2500, 1, 1, 'https://resizer.4zida.rs/sLGAOMGJc28ZANsqYc3SNWWh4nHpiAUwQkJ-xR0C4yY/fill/380/0/ce/0/bG9jYWw6Ly8vNjI3Y2Q4Y2EzNmZjMjFjODM3MDg5ZjJjLzY1NzFhYzdhZjQ.jpeg');
INSERT INTO smestaj (idsmestaj, org_putanja, broj_lajkova, lokacija, broj_soba, spratonost, ima_lift, idtip_smestaja, kvadratura, cena, postoji, broj_sajta, slika) VALUES (493, 'https://www.4zida.rs/izdavanje/stanovi/beograd/oglas/krunski-venac/627cd650f2212423830af0b4', 0, 'Krunski Venac, Vračar, Beograd', 4, 3, 1, 1, 135, 3600, 1, 1, 'https://resizer.4zida.rs/q9C_vqRIQJH1swxaOjXav0pdUBReBjyx66oJr1TNqXg/fill/380/0/ce/0/bG9jYWw6Ly8vNjI3Y2Q2NTBmMjIxMjQyMzgzMGFmMGI0LzQxN2ZkZTkwMDA.jpeg');
INSERT INTO smestaj (idsmestaj, org_putanja, broj_lajkova, lokacija, broj_soba, spratonost, ima_lift, idtip_smestaja, kvadratura, cena, postoji, broj_sajta, slika) VALUES (494, 'https://www.4zida.rs/izdavanje/stanovi/beograd/oglas/beograd-na-vodi/627cd3974e4f8291440344e8', 0, 'Beograd na vodi, Savski Venac, Beograd', 2, 11, 1, 1, 67, 1500, 1, 1, 'https://resizer.4zida.rs/UDVnJv1ZbW8224HINXx0Z9Pmq8EV-uQAeVXv2tNK9BM/fill/380/0/ce/0/bG9jYWw6Ly8vNjI3Y2QzOTc0ZTRmODI5MTQ0MDM0NGU4LzAzNDk2OTlhZDI.jpeg');
INSERT INTO smestaj (idsmestaj, org_putanja, broj_lajkova, lokacija, broj_soba, spratonost, ima_lift, idtip_smestaja, kvadratura, cena, postoji, broj_sajta, slika) VALUES (495, 'https://www.4zida.rs/izdavanje/stanovi/beograd/oglas/spanskih-boraca/627d45e09c57b3551a1c9a42', 0, 'Blok 28, Novi Beograd, Beograd', 3, 4, 1, 1, 82, 800, 1, 1, 'https://resizer.4zida.rs/7PiPKjnjrG2nXh72VXuisW8KEUXCR9ReH9H1459gTys/fill/380/0/ce/0/bG9jYWw6Ly8vNjI3ZDQ1ZTA5YzU3YjM1NTFhMWM5YTQyL2YyZjQ0Njk4MGQ4ZTk3MWVmM2RhOTdhZjA4OTQ4MWMz.jpeg');
INSERT INTO smestaj (idsmestaj, org_putanja, broj_lajkova, lokacija, broj_soba, spratonost, ima_lift, idtip_smestaja, kvadratura, cena, postoji, broj_sajta, slika) VALUES (496, 'https://www.4zida.rs/izdavanje/stanovi/beograd/oglas/hercegovacka/623c5ca0babd4279d650e243', 0, 'Beograd na vodi, Savski Venac, Beograd', 3, 10, 1, 1, 82, 1500, 1, 1, 'https://resizer.4zida.rs/UX6qq66k1TYqwjAwQ_f3hGa8d-zxoue2UvSFWAGlUg0/fill/380/0/ce/0/bG9jYWw6Ly8vNjIzYzVjYTBiYWJkNDI3OWQ2NTBlMjQzLzBjZGJiNGU2NTgxNWZiYWY3OTY4OWIxNTQ4MmU3NTc1.jpeg');
INSERT INTO smestaj (idsmestaj, org_putanja, broj_lajkova, lokacija, broj_soba, spratonost, ima_lift, idtip_smestaja, kvadratura, cena, postoji, broj_sajta, slika) VALUES (497, 'https://www.4zida.rs/izdavanje/stanovi/beograd/oglas/hercegovacka/624c705f1c6a6754621da6da', 0, 'Beograd na vodi, Savski Venac, Beograd', 2, 7, 1, 1, 54, 800, 1, 1, 'https://resizer.4zida.rs/YXcWcNhYQYLviDl_G1q5tYRnoqqPfx1KdAHSqtOrXuI/fill/380/0/ce/0/bG9jYWw6Ly8vNjI0YzcwNWYxYzZhNjc1NDYyMWRhNmRhL2E4MjI1NTRlNTQwM2IxZDM3MGRiODRjZmJjNTMwNTAz.jpeg');
INSERT INTO smestaj (idsmestaj, org_putanja, broj_lajkova, lokacija, broj_soba, spratonost, ima_lift, idtip_smestaja, kvadratura, cena, postoji, broj_sajta, slika) VALUES (498, 'https://www.4zida.rs/izdavanje/stanovi/beograd/oglas/venizelosova/6294f2c99c6e4d36ec39033b', 0, 'Gundulićev Venac, Donji Dorćol, Dorćol, Stari Grad opština, Beograd', 4, 2, 1, 1, 123, 2500, 1, 1, 'https://resizer.4zida.rs/JJfeWd5jyKm7Y8cln7rMh-1-1U1qEKzEbBbd4Q5SkPY/fill/380/0/ce/0/bG9jYWw6Ly8vNjI5NGYyYzk5YzZlNGQzNmVjMzkwMzNiLzBlOWI3MzRhYTI1Y2E4MDk2Y2I3YjU2ZGMwZGQ4OTI5.jpeg');
INSERT INTO smestaj (idsmestaj, org_putanja, broj_lajkova, lokacija, broj_soba, spratonost, ima_lift, idtip_smestaja, kvadratura, cena, postoji, broj_sajta, slika) VALUES (499, 'https://www.4zida.rs/izdavanje/stanovi/beograd/oglas/sumadijska/6294ac8b311e7e3be978ec3c', 0, 'Gornji Grad, Zemun, Zemun opština, Beograd', 1.5, 4, 1, 1, 39, 600, 1, 1, 'https://resizer.4zida.rs/Zp4gzfpuFfGa0kpofGWfzCg5AOoKo4g3TEu5MnruhXU/fill/380/0/ce/0/bG9jYWw6Ly8vNjI5NGFjOGIzMTFlN2UzYmU5NzhlYzNjL2E1MWM4OTZjOWNiODFlY2I1YTE5OWQ1MWFjOWZjM2M1.jpeg');
INSERT INTO smestaj (idsmestaj, org_putanja, broj_lajkova, lokacija, broj_soba, spratonost, ima_lift, idtip_smestaja, kvadratura, cena, postoji, broj_sajta, slika) VALUES (500, 'https://www.4zida.rs/izdavanje/stanovi/beograd/oglas/venizelosova/6295aeead0976dfbb10a4ae3', 0, 'Gundulićev Venac, Donji Dorćol, Dorćol, Stari Grad opština, Beograd', 4, 2, 1, 1, 123, 2500, 1, 1, 'https://resizer.4zida.rs/QEboWBgTM98qevHYe3fAttgWAA6RBgKVPwdd7kEttvM/fill/380/0/ce/0/bG9jYWw6Ly8vNjI5NWFlZWFkMDk3NmRmYmIxMGE0YWUzLzNhYzI5MDFkNDM.jpeg');

INSERT INTO komentar (idkomentar, tekst_komentara, idkorisnik, idsmestaj, broj_lajkova) VALUES (80, 'Jako ruzan stan', 25, 337, 2);
INSERT INTO komentar (idkomentar, tekst_komentara, idkorisnik, idsmestaj, broj_lajkova) VALUES (81, 'Slazem se sa Veljkom!', 54, 337, 2);
INSERT INTO komentar (idkomentar, tekst_komentara, idkorisnik, idsmestaj, broj_lajkova) VALUES (82, 'Ovaj stan je jako kul', 54, 341, 2);
INSERT INTO komentar (idkomentar, tekst_komentara, idkorisnik, idsmestaj, broj_lajkova) VALUES (83, 'Hmmmm nije los', 54, 344, 1);
INSERT INTO komentar (idkomentar, tekst_komentara, idkorisnik, idsmestaj, broj_lajkova) VALUES (84, 'Ovaj zuti zid je jako ruzan, ostalo je super lepo xD', 54, 346, 0);
INSERT INTO komentar (idkomentar, tekst_komentara, idkorisnik, idsmestaj, broj_lajkova) VALUES (85, 'Ovo mi se svidja!', 54, 339, 2);
INSERT INTO komentar (idkomentar, tekst_komentara, idkorisnik, idsmestaj, broj_lajkova) VALUES (86, 'Ja sam ADMIN i sada cu ti obrisati komentar kmetu!', 25, 339, 2);
INSERT INTO komentar (idkomentar, tekst_komentara, idkorisnik, idsmestaj, broj_lajkova) VALUES (87, 'I ovaj komentar cu ti obrisati hehe!', 25, 344, 1);
INSERT INTO komentar (idkomentar, tekst_komentara, idkorisnik, idsmestaj, broj_lajkova) VALUES (88, 'Ovo je moj prvi komentar! SRECAN SAM :))))))', 57, 339, 2);
INSERT INTO komentar (idkomentar, tekst_komentara, idkorisnik, idsmestaj, broj_lajkova) VALUES (89, 'Ovo je moj drugi komentar. JAKO SAM SRECAN :))))))))))))))))))))', 57, 341, 0);
INSERT INTO komentar (idkomentar, tekst_komentara, idkorisnik, idsmestaj, broj_lajkova) VALUES (90, 'Volim ETF :))))))))))))))))))))))))))))))', 57, 345, 0);
INSERT INTO komentar (idkomentar, tekst_komentara, idkorisnik, idsmestaj, broj_lajkova) VALUES (91, 'IMAM JAKO SPOKOJAN I SRECAN ZIVOT :---))))))))))))))))))))))))))))))))))))))', 57, 340, 1);
INSERT INTO komentar (idkomentar, tekst_komentara, idkorisnik, idsmestaj, broj_lajkova) VALUES (93, 'Predivno! Cena je malo...malo vise mnogo visoka do duse :)', 56, 338, 0);
INSERT INTO komentar (idkomentar, tekst_komentara, idkorisnik, idsmestaj, broj_lajkova) VALUES (94, 'Imate li nesto protiv lajkovanja komentara samom sebi', 56, 338, 1);
INSERT INTO komentar (idkomentar, tekst_komentara, idkorisnik, idsmestaj, broj_lajkova) VALUES (95, 'Gospodine ovo nije mesto za diskusiju o komentarima vec o smestaju!', 56, 338, 0);
INSERT INTO komentar (idkomentar, tekst_komentara, idkorisnik, idsmestaj, broj_lajkova) VALUES (96, 'Sta bre ovo nije nista za ovakvu lokaciju aman covece!', 56, 338, 0);
INSERT INTO komentar (idkomentar, tekst_komentara, idkorisnik, idsmestaj, broj_lajkova) VALUES (97, 'Steta sto nema odgovaranja na poruke da bi se znalo ko je sa kime ovde pricao...', 56, 338, 0);
INSERT INTO komentar (idkomentar, tekst_komentara, idkorisnik, idsmestaj, broj_lajkova) VALUES (98, 'Gospodo veoma ste ne vaspitani!', 56, 337, 0);
INSERT INTO komentar (idkomentar, tekst_komentara, idkorisnik, idsmestaj, broj_lajkova) VALUES (99, 'A ti si gospoja vala veoma nepismena..', 56, 337, 0);

INSERT INTO lajk_komentara (idkomentar, idkorisnik) VALUES (83, 25);
INSERT INTO lajk_komentara (idkomentar, idkorisnik) VALUES (85, 25);
INSERT INTO lajk_komentara (idkomentar, idkorisnik) VALUES (86, 25);
INSERT INTO lajk_komentara (idkomentar, idkorisnik) VALUES (87, 25);
INSERT INTO lajk_komentara (idkomentar, idkorisnik) VALUES (88, 25);
INSERT INTO lajk_komentara (idkomentar, idkorisnik) VALUES (80, 54);
INSERT INTO lajk_komentara (idkomentar, idkorisnik) VALUES (81, 54);
INSERT INTO lajk_komentara (idkomentar, idkorisnik) VALUES (82, 54);
INSERT INTO lajk_komentara (idkomentar, idkorisnik) VALUES (80, 56);
INSERT INTO lajk_komentara (idkomentar, idkorisnik) VALUES (81, 56);
INSERT INTO lajk_komentara (idkomentar, idkorisnik) VALUES (94, 56);
INSERT INTO lajk_komentara (idkomentar, idkorisnik) VALUES (82, 57);
INSERT INTO lajk_komentara (idkomentar, idkorisnik) VALUES (85, 57);
INSERT INTO lajk_komentara (idkomentar, idkorisnik) VALUES (86, 57);
INSERT INTO lajk_komentara (idkomentar, idkorisnik) VALUES (88, 57);
INSERT INTO lajk_komentara (idkomentar, idkorisnik) VALUES (91, 57);

INSERT INTO lajk_smestaja (idkorisnik, idsmestaj) VALUES (56, 337);
INSERT INTO lajk_smestaja (idkorisnik, idsmestaj) VALUES (56, 338);
INSERT INTO lajk_smestaja (idkorisnik, idsmestaj) VALUES (54, 339);
INSERT INTO lajk_smestaja (idkorisnik, idsmestaj) VALUES (56, 339);
INSERT INTO lajk_smestaja (idkorisnik, idsmestaj) VALUES (57, 340);
INSERT INTO lajk_smestaja (idkorisnik, idsmestaj) VALUES (54, 343);
INSERT INTO lajk_smestaja (idkorisnik, idsmestaj) VALUES (54, 344);
INSERT INTO lajk_smestaja (idkorisnik, idsmestaj) VALUES (57, 345);

INSERT INTO recalgdata (idkorisnik, range_min_broj_soba, range_max_broj_soba, range_min_spratnost, range_max_spratnost, range_min_kvadratura, range_max_kvadratura, range_min_cena, range_max_cena, weight_broj_soba, weight_spratnost, weight_kvadratura, weight_cena) VALUES (54, 1, 5.5, 0, 5, 36, 330, 300, 3275, 1, 0.537037037037037, 1, 0.9148251893349931);
INSERT INTO recalgdata (idkorisnik, range_min_broj_soba, range_max_broj_soba, range_min_spratnost, range_max_spratnost, range_min_kvadratura, range_max_kvadratura, range_min_cena, range_max_cena, weight_broj_soba, weight_spratnost, weight_kvadratura, weight_cena) VALUES (56, 2, 4, 0, 1, 45, 133, 220, 3290, 0.6111111111111112, 0.5, 0.6394527802294793, 0.6187980433263451);
INSERT INTO recalgdata (idkorisnik, range_min_broj_soba, range_max_broj_soba, range_min_spratnost, range_max_spratnost, range_min_kvadratura, range_max_kvadratura, range_min_cena, range_max_cena, weight_broj_soba, weight_spratnost, weight_kvadratura, weight_cena) VALUES (57, 3, 6, 0, 1, 96, 216, 900, 1650, 0.6111111111111112, 0.5, 0.5888888888888889, 0.5222222222222223);


